<?xml version="1.0" encoding="utf-8"?>
<annotations>
  <version>1.1</version>
  <meta>
    <task>
      <id>287</id>
      <name>Tx019D_Ven</name>
      <size>872</size>
      <mode>annotation</mode>
      <overlap>0</overlap>
      <bugtracker></bugtracker>
      <created>2022-10-18 13:37:53.479762+00:00</created>
      <updated>2022-10-18 13:37:53.917365+00:00</updated>
      <subset>default</subset>
      <start_frame>0</start_frame>
      <stop_frame>871</stop_frame>
      <frame_filter></frame_filter>
      <segments>
        <segment>
          <id>295</id>
          <start>0</start>
          <stop>871</stop>
          <url>http://147.228.47.24:8080/?id=295</url>
        </segment>
      </segments>
      <owner>
        <username>mjirik</username>
        <email>mjirik@ntis.zcu.cz</email>
      </owner>
      <assignee></assignee>
      <labels>
        <label>
          <name>Heart</name>
          <color>#ff007c</color>
          <attributes>
          </attributes>
        </label>
        <label>
          <name>Thoracic Cavity</name>
          <color>#b83df5</color>
          <attributes>
          </attributes>
        </label>
        <label>
          <name>Left Kidney</name>
          <color>#ddff33</color>
          <attributes>
          </attributes>
        </label>
        <label>
          <name>Right Kidney</name>
          <color>#83e070</color>
          <attributes>
          </attributes>
        </label>
        <label>
          <name>Liver</name>
          <color>#ff6037</color>
          <attributes>
          </attributes>
        </label>
        <label>
          <name>Portal Vein</name>
          <color>#33ddff</color>
          <attributes>
          </attributes>
        </label>
        <label>
          <name>Vena Cava</name>
          <color>#3d3df5</color>
          <attributes>
          </attributes>
        </label>
        <label>
          <name>Aorta</name>
          <color>#fa3253</color>
          <attributes>
          </attributes>
        </label>
        <label>
          <name>Portal Vein Entry Point</name>
          <color>#b537f3</color>
          <attributes>
          </attributes>
        </label>
        <label>
          <name>Spleen</name>
          <color>#cc3366</color>
          <attributes>
          </attributes>
        </label>
      </labels>
    </task>
    <dumped>2023-12-22 17:01:10.069137+00:00</dumped>
  </meta>
  <image id="0" name="Tx019D_Ven/Tx019D_Vensoubor_00000.jpg" width="512" height="512">
  </image>
  <image id="1" name="Tx019D_Ven/Tx019D_Vensoubor_00001.jpg" width="512" height="512">
  </image>
  <image id="2" name="Tx019D_Ven/Tx019D_Vensoubor_00002.jpg" width="512" height="512">
  </image>
  <image id="3" name="Tx019D_Ven/Tx019D_Vensoubor_00003.jpg" width="512" height="512">
  </image>
  <image id="4" name="Tx019D_Ven/Tx019D_Vensoubor_00004.jpg" width="512" height="512">
  </image>
  <image id="5" name="Tx019D_Ven/Tx019D_Vensoubor_00005.jpg" width="512" height="512">
  </image>
  <image id="6" name="Tx019D_Ven/Tx019D_Vensoubor_00006.jpg" width="512" height="512">
  </image>
  <image id="7" name="Tx019D_Ven/Tx019D_Vensoubor_00007.jpg" width="512" height="512">
  </image>
  <image id="8" name="Tx019D_Ven/Tx019D_Vensoubor_00008.jpg" width="512" height="512">
  </image>
  <image id="9" name="Tx019D_Ven/Tx019D_Vensoubor_00009.jpg" width="512" height="512">
  </image>
  <image id="10" name="Tx019D_Ven/Tx019D_Vensoubor_00010.jpg" width="512" height="512">
  </image>
  <image id="11" name="Tx019D_Ven/Tx019D_Vensoubor_00011.jpg" width="512" height="512">
  </image>
  <image id="12" name="Tx019D_Ven/Tx019D_Vensoubor_00012.jpg" width="512" height="512">
  </image>
  <image id="13" name="Tx019D_Ven/Tx019D_Vensoubor_00013.jpg" width="512" height="512">
  </image>
  <image id="14" name="Tx019D_Ven/Tx019D_Vensoubor_00014.jpg" width="512" height="512">
  </image>
  <image id="15" name="Tx019D_Ven/Tx019D_Vensoubor_00015.jpg" width="512" height="512">
  </image>
  <image id="16" name="Tx019D_Ven/Tx019D_Vensoubor_00016.jpg" width="512" height="512">
  </image>
  <image id="17" name="Tx019D_Ven/Tx019D_Vensoubor_00017.jpg" width="512" height="512">
  </image>
  <image id="18" name="Tx019D_Ven/Tx019D_Vensoubor_00018.jpg" width="512" height="512">
  </image>
  <image id="19" name="Tx019D_Ven/Tx019D_Vensoubor_00019.jpg" width="512" height="512">
  </image>
  <image id="20" name="Tx019D_Ven/Tx019D_Vensoubor_00020.jpg" width="512" height="512">
  </image>
  <image id="21" name="Tx019D_Ven/Tx019D_Vensoubor_00021.jpg" width="512" height="512">
  </image>
  <image id="22" name="Tx019D_Ven/Tx019D_Vensoubor_00022.jpg" width="512" height="512">
  </image>
  <image id="23" name="Tx019D_Ven/Tx019D_Vensoubor_00023.jpg" width="512" height="512">
  </image>
  <image id="24" name="Tx019D_Ven/Tx019D_Vensoubor_00024.jpg" width="512" height="512">
  </image>
  <image id="25" name="Tx019D_Ven/Tx019D_Vensoubor_00025.jpg" width="512" height="512">
  </image>
  <image id="26" name="Tx019D_Ven/Tx019D_Vensoubor_00026.jpg" width="512" height="512">
  </image>
  <image id="27" name="Tx019D_Ven/Tx019D_Vensoubor_00027.jpg" width="512" height="512">
  </image>
  <image id="28" name="Tx019D_Ven/Tx019D_Vensoubor_00028.jpg" width="512" height="512">
  </image>
  <image id="29" name="Tx019D_Ven/Tx019D_Vensoubor_00029.jpg" width="512" height="512">
  </image>
  <image id="30" name="Tx019D_Ven/Tx019D_Vensoubor_00030.jpg" width="512" height="512">
  </image>
  <image id="31" name="Tx019D_Ven/Tx019D_Vensoubor_00031.jpg" width="512" height="512">
  </image>
  <image id="32" name="Tx019D_Ven/Tx019D_Vensoubor_00032.jpg" width="512" height="512">
  </image>
  <image id="33" name="Tx019D_Ven/Tx019D_Vensoubor_00033.jpg" width="512" height="512">
  </image>
  <image id="34" name="Tx019D_Ven/Tx019D_Vensoubor_00034.jpg" width="512" height="512">
  </image>
  <image id="35" name="Tx019D_Ven/Tx019D_Vensoubor_00035.jpg" width="512" height="512">
  </image>
  <image id="36" name="Tx019D_Ven/Tx019D_Vensoubor_00036.jpg" width="512" height="512">
  </image>
  <image id="37" name="Tx019D_Ven/Tx019D_Vensoubor_00037.jpg" width="512" height="512">
  </image>
  <image id="38" name="Tx019D_Ven/Tx019D_Vensoubor_00038.jpg" width="512" height="512">
  </image>
  <image id="39" name="Tx019D_Ven/Tx019D_Vensoubor_00039.jpg" width="512" height="512">
  </image>
  <image id="40" name="Tx019D_Ven/Tx019D_Vensoubor_00040.jpg" width="512" height="512">
  </image>
  <image id="41" name="Tx019D_Ven/Tx019D_Vensoubor_00041.jpg" width="512" height="512">
  </image>
  <image id="42" name="Tx019D_Ven/Tx019D_Vensoubor_00042.jpg" width="512" height="512">
  </image>
  <image id="43" name="Tx019D_Ven/Tx019D_Vensoubor_00043.jpg" width="512" height="512">
  </image>
  <image id="44" name="Tx019D_Ven/Tx019D_Vensoubor_00044.jpg" width="512" height="512">
  </image>
  <image id="45" name="Tx019D_Ven/Tx019D_Vensoubor_00045.jpg" width="512" height="512">
  </image>
  <image id="46" name="Tx019D_Ven/Tx019D_Vensoubor_00046.jpg" width="512" height="512">
  </image>
  <image id="47" name="Tx019D_Ven/Tx019D_Vensoubor_00047.jpg" width="512" height="512">
  </image>
  <image id="48" name="Tx019D_Ven/Tx019D_Vensoubor_00048.jpg" width="512" height="512">
  </image>
  <image id="49" name="Tx019D_Ven/Tx019D_Vensoubor_00049.jpg" width="512" height="512">
  </image>
  <image id="50" name="Tx019D_Ven/Tx019D_Vensoubor_00050.jpg" width="512" height="512">
  </image>
  <image id="51" name="Tx019D_Ven/Tx019D_Vensoubor_00051.jpg" width="512" height="512">
  </image>
  <image id="52" name="Tx019D_Ven/Tx019D_Vensoubor_00052.jpg" width="512" height="512">
  </image>
  <image id="53" name="Tx019D_Ven/Tx019D_Vensoubor_00053.jpg" width="512" height="512">
  </image>
  <image id="54" name="Tx019D_Ven/Tx019D_Vensoubor_00054.jpg" width="512" height="512">
  </image>
  <image id="55" name="Tx019D_Ven/Tx019D_Vensoubor_00055.jpg" width="512" height="512">
  </image>
  <image id="56" name="Tx019D_Ven/Tx019D_Vensoubor_00056.jpg" width="512" height="512">
  </image>
  <image id="57" name="Tx019D_Ven/Tx019D_Vensoubor_00057.jpg" width="512" height="512">
  </image>
  <image id="58" name="Tx019D_Ven/Tx019D_Vensoubor_00058.jpg" width="512" height="512">
  </image>
  <image id="59" name="Tx019D_Ven/Tx019D_Vensoubor_00059.jpg" width="512" height="512">
  </image>
  <image id="60" name="Tx019D_Ven/Tx019D_Vensoubor_00060.jpg" width="512" height="512">
  </image>
  <image id="61" name="Tx019D_Ven/Tx019D_Vensoubor_00061.jpg" width="512" height="512">
  </image>
  <image id="62" name="Tx019D_Ven/Tx019D_Vensoubor_00062.jpg" width="512" height="512">
  </image>
  <image id="63" name="Tx019D_Ven/Tx019D_Vensoubor_00063.jpg" width="512" height="512">
  </image>
  <image id="64" name="Tx019D_Ven/Tx019D_Vensoubor_00064.jpg" width="512" height="512">
  </image>
  <image id="65" name="Tx019D_Ven/Tx019D_Vensoubor_00065.jpg" width="512" height="512">
  </image>
  <image id="66" name="Tx019D_Ven/Tx019D_Vensoubor_00066.jpg" width="512" height="512">
  </image>
  <image id="67" name="Tx019D_Ven/Tx019D_Vensoubor_00067.jpg" width="512" height="512">
  </image>
  <image id="68" name="Tx019D_Ven/Tx019D_Vensoubor_00068.jpg" width="512" height="512">
  </image>
  <image id="69" name="Tx019D_Ven/Tx019D_Vensoubor_00069.jpg" width="512" height="512">
  </image>
  <image id="70" name="Tx019D_Ven/Tx019D_Vensoubor_00070.jpg" width="512" height="512">
  </image>
  <image id="71" name="Tx019D_Ven/Tx019D_Vensoubor_00071.jpg" width="512" height="512">
  </image>
  <image id="72" name="Tx019D_Ven/Tx019D_Vensoubor_00072.jpg" width="512" height="512">
  </image>
  <image id="73" name="Tx019D_Ven/Tx019D_Vensoubor_00073.jpg" width="512" height="512">
  </image>
  <image id="74" name="Tx019D_Ven/Tx019D_Vensoubor_00074.jpg" width="512" height="512">
  </image>
  <image id="75" name="Tx019D_Ven/Tx019D_Vensoubor_00075.jpg" width="512" height="512">
  </image>
  <image id="76" name="Tx019D_Ven/Tx019D_Vensoubor_00076.jpg" width="512" height="512">
  </image>
  <image id="77" name="Tx019D_Ven/Tx019D_Vensoubor_00077.jpg" width="512" height="512">
  </image>
  <image id="78" name="Tx019D_Ven/Tx019D_Vensoubor_00078.jpg" width="512" height="512">
  </image>
  <image id="79" name="Tx019D_Ven/Tx019D_Vensoubor_00079.jpg" width="512" height="512">
  </image>
  <image id="80" name="Tx019D_Ven/Tx019D_Vensoubor_00080.jpg" width="512" height="512">
  </image>
  <image id="81" name="Tx019D_Ven/Tx019D_Vensoubor_00081.jpg" width="512" height="512">
  </image>
  <image id="82" name="Tx019D_Ven/Tx019D_Vensoubor_00082.jpg" width="512" height="512">
  </image>
  <image id="83" name="Tx019D_Ven/Tx019D_Vensoubor_00083.jpg" width="512" height="512">
  </image>
  <image id="84" name="Tx019D_Ven/Tx019D_Vensoubor_00084.jpg" width="512" height="512">
  </image>
  <image id="85" name="Tx019D_Ven/Tx019D_Vensoubor_00085.jpg" width="512" height="512">
  </image>
  <image id="86" name="Tx019D_Ven/Tx019D_Vensoubor_00086.jpg" width="512" height="512">
  </image>
  <image id="87" name="Tx019D_Ven/Tx019D_Vensoubor_00087.jpg" width="512" height="512">
  </image>
  <image id="88" name="Tx019D_Ven/Tx019D_Vensoubor_00088.jpg" width="512" height="512">
  </image>
  <image id="89" name="Tx019D_Ven/Tx019D_Vensoubor_00089.jpg" width="512" height="512">
  </image>
  <image id="90" name="Tx019D_Ven/Tx019D_Vensoubor_00090.jpg" width="512" height="512">
  </image>
  <image id="91" name="Tx019D_Ven/Tx019D_Vensoubor_00091.jpg" width="512" height="512">
  </image>
  <image id="92" name="Tx019D_Ven/Tx019D_Vensoubor_00092.jpg" width="512" height="512">
  </image>
  <image id="93" name="Tx019D_Ven/Tx019D_Vensoubor_00093.jpg" width="512" height="512">
  </image>
  <image id="94" name="Tx019D_Ven/Tx019D_Vensoubor_00094.jpg" width="512" height="512">
  </image>
  <image id="95" name="Tx019D_Ven/Tx019D_Vensoubor_00095.jpg" width="512" height="512">
  </image>
  <image id="96" name="Tx019D_Ven/Tx019D_Vensoubor_00096.jpg" width="512" height="512">
  </image>
  <image id="97" name="Tx019D_Ven/Tx019D_Vensoubor_00097.jpg" width="512" height="512">
  </image>
  <image id="98" name="Tx019D_Ven/Tx019D_Vensoubor_00098.jpg" width="512" height="512">
  </image>
  <image id="99" name="Tx019D_Ven/Tx019D_Vensoubor_00099.jpg" width="512" height="512">
  </image>
  <image id="100" name="Tx019D_Ven/Tx019D_Vensoubor_00100.jpg" width="512" height="512">
  </image>
  <image id="101" name="Tx019D_Ven/Tx019D_Vensoubor_00101.jpg" width="512" height="512">
  </image>
  <image id="102" name="Tx019D_Ven/Tx019D_Vensoubor_00102.jpg" width="512" height="512">
  </image>
  <image id="103" name="Tx019D_Ven/Tx019D_Vensoubor_00103.jpg" width="512" height="512">
  </image>
  <image id="104" name="Tx019D_Ven/Tx019D_Vensoubor_00104.jpg" width="512" height="512">
  </image>
  <image id="105" name="Tx019D_Ven/Tx019D_Vensoubor_00105.jpg" width="512" height="512">
  </image>
  <image id="106" name="Tx019D_Ven/Tx019D_Vensoubor_00106.jpg" width="512" height="512">
  </image>
  <image id="107" name="Tx019D_Ven/Tx019D_Vensoubor_00107.jpg" width="512" height="512">
  </image>
  <image id="108" name="Tx019D_Ven/Tx019D_Vensoubor_00108.jpg" width="512" height="512">
  </image>
  <image id="109" name="Tx019D_Ven/Tx019D_Vensoubor_00109.jpg" width="512" height="512">
  </image>
  <image id="110" name="Tx019D_Ven/Tx019D_Vensoubor_00110.jpg" width="512" height="512">
  </image>
  <image id="111" name="Tx019D_Ven/Tx019D_Vensoubor_00111.jpg" width="512" height="512">
  </image>
  <image id="112" name="Tx019D_Ven/Tx019D_Vensoubor_00112.jpg" width="512" height="512">
  </image>
  <image id="113" name="Tx019D_Ven/Tx019D_Vensoubor_00113.jpg" width="512" height="512">
  </image>
  <image id="114" name="Tx019D_Ven/Tx019D_Vensoubor_00114.jpg" width="512" height="512">
  </image>
  <image id="115" name="Tx019D_Ven/Tx019D_Vensoubor_00115.jpg" width="512" height="512">
  </image>
  <image id="116" name="Tx019D_Ven/Tx019D_Vensoubor_00116.jpg" width="512" height="512">
  </image>
  <image id="117" name="Tx019D_Ven/Tx019D_Vensoubor_00117.jpg" width="512" height="512">
  </image>
  <image id="118" name="Tx019D_Ven/Tx019D_Vensoubor_00118.jpg" width="512" height="512">
  </image>
  <image id="119" name="Tx019D_Ven/Tx019D_Vensoubor_00119.jpg" width="512" height="512">
  </image>
  <image id="120" name="Tx019D_Ven/Tx019D_Vensoubor_00120.jpg" width="512" height="512">
  </image>
  <image id="121" name="Tx019D_Ven/Tx019D_Vensoubor_00121.jpg" width="512" height="512">
  </image>
  <image id="122" name="Tx019D_Ven/Tx019D_Vensoubor_00122.jpg" width="512" height="512">
  </image>
  <image id="123" name="Tx019D_Ven/Tx019D_Vensoubor_00123.jpg" width="512" height="512">
  </image>
  <image id="124" name="Tx019D_Ven/Tx019D_Vensoubor_00124.jpg" width="512" height="512">
  </image>
  <image id="125" name="Tx019D_Ven/Tx019D_Vensoubor_00125.jpg" width="512" height="512">
  </image>
  <image id="126" name="Tx019D_Ven/Tx019D_Vensoubor_00126.jpg" width="512" height="512">
  </image>
  <image id="127" name="Tx019D_Ven/Tx019D_Vensoubor_00127.jpg" width="512" height="512">
  </image>
  <image id="128" name="Tx019D_Ven/Tx019D_Vensoubor_00128.jpg" width="512" height="512">
  </image>
  <image id="129" name="Tx019D_Ven/Tx019D_Vensoubor_00129.jpg" width="512" height="512">
  </image>
  <image id="130" name="Tx019D_Ven/Tx019D_Vensoubor_00130.jpg" width="512" height="512">
  </image>
  <image id="131" name="Tx019D_Ven/Tx019D_Vensoubor_00131.jpg" width="512" height="512">
  </image>
  <image id="132" name="Tx019D_Ven/Tx019D_Vensoubor_00132.jpg" width="512" height="512">
  </image>
  <image id="133" name="Tx019D_Ven/Tx019D_Vensoubor_00133.jpg" width="512" height="512">
  </image>
  <image id="134" name="Tx019D_Ven/Tx019D_Vensoubor_00134.jpg" width="512" height="512">
  </image>
  <image id="135" name="Tx019D_Ven/Tx019D_Vensoubor_00135.jpg" width="512" height="512">
  </image>
  <image id="136" name="Tx019D_Ven/Tx019D_Vensoubor_00136.jpg" width="512" height="512">
  </image>
  <image id="137" name="Tx019D_Ven/Tx019D_Vensoubor_00137.jpg" width="512" height="512">
  </image>
  <image id="138" name="Tx019D_Ven/Tx019D_Vensoubor_00138.jpg" width="512" height="512">
  </image>
  <image id="139" name="Tx019D_Ven/Tx019D_Vensoubor_00139.jpg" width="512" height="512">
  </image>
  <image id="140" name="Tx019D_Ven/Tx019D_Vensoubor_00140.jpg" width="512" height="512">
  </image>
  <image id="141" name="Tx019D_Ven/Tx019D_Vensoubor_00141.jpg" width="512" height="512">
  </image>
  <image id="142" name="Tx019D_Ven/Tx019D_Vensoubor_00142.jpg" width="512" height="512">
  </image>
  <image id="143" name="Tx019D_Ven/Tx019D_Vensoubor_00143.jpg" width="512" height="512">
  </image>
  <image id="144" name="Tx019D_Ven/Tx019D_Vensoubor_00144.jpg" width="512" height="512">
  </image>
  <image id="145" name="Tx019D_Ven/Tx019D_Vensoubor_00145.jpg" width="512" height="512">
  </image>
  <image id="146" name="Tx019D_Ven/Tx019D_Vensoubor_00146.jpg" width="512" height="512">
  </image>
  <image id="147" name="Tx019D_Ven/Tx019D_Vensoubor_00147.jpg" width="512" height="512">
  </image>
  <image id="148" name="Tx019D_Ven/Tx019D_Vensoubor_00148.jpg" width="512" height="512">
  </image>
  <image id="149" name="Tx019D_Ven/Tx019D_Vensoubor_00149.jpg" width="512" height="512">
  </image>
  <image id="150" name="Tx019D_Ven/Tx019D_Vensoubor_00150.jpg" width="512" height="512">
  </image>
  <image id="151" name="Tx019D_Ven/Tx019D_Vensoubor_00151.jpg" width="512" height="512">
  </image>
  <image id="152" name="Tx019D_Ven/Tx019D_Vensoubor_00152.jpg" width="512" height="512">
  </image>
  <image id="153" name="Tx019D_Ven/Tx019D_Vensoubor_00153.jpg" width="512" height="512">
  </image>
  <image id="154" name="Tx019D_Ven/Tx019D_Vensoubor_00154.jpg" width="512" height="512">
  </image>
  <image id="155" name="Tx019D_Ven/Tx019D_Vensoubor_00155.jpg" width="512" height="512">
  </image>
  <image id="156" name="Tx019D_Ven/Tx019D_Vensoubor_00156.jpg" width="512" height="512">
  </image>
  <image id="157" name="Tx019D_Ven/Tx019D_Vensoubor_00157.jpg" width="512" height="512">
  </image>
  <image id="158" name="Tx019D_Ven/Tx019D_Vensoubor_00158.jpg" width="512" height="512">
  </image>
  <image id="159" name="Tx019D_Ven/Tx019D_Vensoubor_00159.jpg" width="512" height="512">
  </image>
  <image id="160" name="Tx019D_Ven/Tx019D_Vensoubor_00160.jpg" width="512" height="512">
  </image>
  <image id="161" name="Tx019D_Ven/Tx019D_Vensoubor_00161.jpg" width="512" height="512">
  </image>
  <image id="162" name="Tx019D_Ven/Tx019D_Vensoubor_00162.jpg" width="512" height="512">
  </image>
  <image id="163" name="Tx019D_Ven/Tx019D_Vensoubor_00163.jpg" width="512" height="512">
  </image>
  <image id="164" name="Tx019D_Ven/Tx019D_Vensoubor_00164.jpg" width="512" height="512">
  </image>
  <image id="165" name="Tx019D_Ven/Tx019D_Vensoubor_00165.jpg" width="512" height="512">
  </image>
  <image id="166" name="Tx019D_Ven/Tx019D_Vensoubor_00166.jpg" width="512" height="512">
  </image>
  <image id="167" name="Tx019D_Ven/Tx019D_Vensoubor_00167.jpg" width="512" height="512">
  </image>
  <image id="168" name="Tx019D_Ven/Tx019D_Vensoubor_00168.jpg" width="512" height="512">
  </image>
  <image id="169" name="Tx019D_Ven/Tx019D_Vensoubor_00169.jpg" width="512" height="512">
  </image>
  <image id="170" name="Tx019D_Ven/Tx019D_Vensoubor_00170.jpg" width="512" height="512">
  </image>
  <image id="171" name="Tx019D_Ven/Tx019D_Vensoubor_00171.jpg" width="512" height="512">
  </image>
  <image id="172" name="Tx019D_Ven/Tx019D_Vensoubor_00172.jpg" width="512" height="512">
  </image>
  <image id="173" name="Tx019D_Ven/Tx019D_Vensoubor_00173.jpg" width="512" height="512">
  </image>
  <image id="174" name="Tx019D_Ven/Tx019D_Vensoubor_00174.jpg" width="512" height="512">
  </image>
  <image id="175" name="Tx019D_Ven/Tx019D_Vensoubor_00175.jpg" width="512" height="512">
  </image>
  <image id="176" name="Tx019D_Ven/Tx019D_Vensoubor_00176.jpg" width="512" height="512">
  </image>
  <image id="177" name="Tx019D_Ven/Tx019D_Vensoubor_00177.jpg" width="512" height="512">
  </image>
  <image id="178" name="Tx019D_Ven/Tx019D_Vensoubor_00178.jpg" width="512" height="512">
  </image>
  <image id="179" name="Tx019D_Ven/Tx019D_Vensoubor_00179.jpg" width="512" height="512">
  </image>
  <image id="180" name="Tx019D_Ven/Tx019D_Vensoubor_00180.jpg" width="512" height="512">
  </image>
  <image id="181" name="Tx019D_Ven/Tx019D_Vensoubor_00181.jpg" width="512" height="512">
  </image>
  <image id="182" name="Tx019D_Ven/Tx019D_Vensoubor_00182.jpg" width="512" height="512">
  </image>
  <image id="183" name="Tx019D_Ven/Tx019D_Vensoubor_00183.jpg" width="512" height="512">
  </image>
  <image id="184" name="Tx019D_Ven/Tx019D_Vensoubor_00184.jpg" width="512" height="512">
  </image>
  <image id="185" name="Tx019D_Ven/Tx019D_Vensoubor_00185.jpg" width="512" height="512">
  </image>
  <image id="186" name="Tx019D_Ven/Tx019D_Vensoubor_00186.jpg" width="512" height="512">
  </image>
  <image id="187" name="Tx019D_Ven/Tx019D_Vensoubor_00187.jpg" width="512" height="512">
  </image>
  <image id="188" name="Tx019D_Ven/Tx019D_Vensoubor_00188.jpg" width="512" height="512">
  </image>
  <image id="189" name="Tx019D_Ven/Tx019D_Vensoubor_00189.jpg" width="512" height="512">
  </image>
  <image id="190" name="Tx019D_Ven/Tx019D_Vensoubor_00190.jpg" width="512" height="512">
  </image>
  <image id="191" name="Tx019D_Ven/Tx019D_Vensoubor_00191.jpg" width="512" height="512">
  </image>
  <image id="192" name="Tx019D_Ven/Tx019D_Vensoubor_00192.jpg" width="512" height="512">
  </image>
  <image id="193" name="Tx019D_Ven/Tx019D_Vensoubor_00193.jpg" width="512" height="512">
  </image>
  <image id="194" name="Tx019D_Ven/Tx019D_Vensoubor_00194.jpg" width="512" height="512">
  </image>
  <image id="195" name="Tx019D_Ven/Tx019D_Vensoubor_00195.jpg" width="512" height="512">
  </image>
  <image id="196" name="Tx019D_Ven/Tx019D_Vensoubor_00196.jpg" width="512" height="512">
  </image>
  <image id="197" name="Tx019D_Ven/Tx019D_Vensoubor_00197.jpg" width="512" height="512">
  </image>
  <image id="198" name="Tx019D_Ven/Tx019D_Vensoubor_00198.jpg" width="512" height="512">
  </image>
  <image id="199" name="Tx019D_Ven/Tx019D_Vensoubor_00199.jpg" width="512" height="512">
  </image>
  <image id="200" name="Tx019D_Ven/Tx019D_Vensoubor_00200.jpg" width="512" height="512">
  </image>
  <image id="201" name="Tx019D_Ven/Tx019D_Vensoubor_00201.jpg" width="512" height="512">
  </image>
  <image id="202" name="Tx019D_Ven/Tx019D_Vensoubor_00202.jpg" width="512" height="512">
  </image>
  <image id="203" name="Tx019D_Ven/Tx019D_Vensoubor_00203.jpg" width="512" height="512">
  </image>
  <image id="204" name="Tx019D_Ven/Tx019D_Vensoubor_00204.jpg" width="512" height="512">
  </image>
  <image id="205" name="Tx019D_Ven/Tx019D_Vensoubor_00205.jpg" width="512" height="512">
  </image>
  <image id="206" name="Tx019D_Ven/Tx019D_Vensoubor_00206.jpg" width="512" height="512">
  </image>
  <image id="207" name="Tx019D_Ven/Tx019D_Vensoubor_00207.jpg" width="512" height="512">
  </image>
  <image id="208" name="Tx019D_Ven/Tx019D_Vensoubor_00208.jpg" width="512" height="512">
  </image>
  <image id="209" name="Tx019D_Ven/Tx019D_Vensoubor_00209.jpg" width="512" height="512">
  </image>
  <image id="210" name="Tx019D_Ven/Tx019D_Vensoubor_00210.jpg" width="512" height="512">
  </image>
  <image id="211" name="Tx019D_Ven/Tx019D_Vensoubor_00211.jpg" width="512" height="512">
  </image>
  <image id="212" name="Tx019D_Ven/Tx019D_Vensoubor_00212.jpg" width="512" height="512">
  </image>
  <image id="213" name="Tx019D_Ven/Tx019D_Vensoubor_00213.jpg" width="512" height="512">
  </image>
  <image id="214" name="Tx019D_Ven/Tx019D_Vensoubor_00214.jpg" width="512" height="512">
  </image>
  <image id="215" name="Tx019D_Ven/Tx019D_Vensoubor_00215.jpg" width="512" height="512">
  </image>
  <image id="216" name="Tx019D_Ven/Tx019D_Vensoubor_00216.jpg" width="512" height="512">
  </image>
  <image id="217" name="Tx019D_Ven/Tx019D_Vensoubor_00217.jpg" width="512" height="512">
  </image>
  <image id="218" name="Tx019D_Ven/Tx019D_Vensoubor_00218.jpg" width="512" height="512">
  </image>
  <image id="219" name="Tx019D_Ven/Tx019D_Vensoubor_00219.jpg" width="512" height="512">
  </image>
  <image id="220" name="Tx019D_Ven/Tx019D_Vensoubor_00220.jpg" width="512" height="512">
  </image>
  <image id="221" name="Tx019D_Ven/Tx019D_Vensoubor_00221.jpg" width="512" height="512">
  </image>
  <image id="222" name="Tx019D_Ven/Tx019D_Vensoubor_00222.jpg" width="512" height="512">
  </image>
  <image id="223" name="Tx019D_Ven/Tx019D_Vensoubor_00223.jpg" width="512" height="512">
  </image>
  <image id="224" name="Tx019D_Ven/Tx019D_Vensoubor_00224.jpg" width="512" height="512">
  </image>
  <image id="225" name="Tx019D_Ven/Tx019D_Vensoubor_00225.jpg" width="512" height="512">
  </image>
  <image id="226" name="Tx019D_Ven/Tx019D_Vensoubor_00226.jpg" width="512" height="512">
  </image>
  <image id="227" name="Tx019D_Ven/Tx019D_Vensoubor_00227.jpg" width="512" height="512">
  </image>
  <image id="228" name="Tx019D_Ven/Tx019D_Vensoubor_00228.jpg" width="512" height="512">
  </image>
  <image id="229" name="Tx019D_Ven/Tx019D_Vensoubor_00229.jpg" width="512" height="512">
  </image>
  <image id="230" name="Tx019D_Ven/Tx019D_Vensoubor_00230.jpg" width="512" height="512">
  </image>
  <image id="231" name="Tx019D_Ven/Tx019D_Vensoubor_00231.jpg" width="512" height="512">
  </image>
  <image id="232" name="Tx019D_Ven/Tx019D_Vensoubor_00232.jpg" width="512" height="512">
  </image>
  <image id="233" name="Tx019D_Ven/Tx019D_Vensoubor_00233.jpg" width="512" height="512">
  </image>
  <image id="234" name="Tx019D_Ven/Tx019D_Vensoubor_00234.jpg" width="512" height="512">
  </image>
  <image id="235" name="Tx019D_Ven/Tx019D_Vensoubor_00235.jpg" width="512" height="512">
  </image>
  <image id="236" name="Tx019D_Ven/Tx019D_Vensoubor_00236.jpg" width="512" height="512">
  </image>
  <image id="237" name="Tx019D_Ven/Tx019D_Vensoubor_00237.jpg" width="512" height="512">
  </image>
  <image id="238" name="Tx019D_Ven/Tx019D_Vensoubor_00238.jpg" width="512" height="512">
  </image>
  <image id="239" name="Tx019D_Ven/Tx019D_Vensoubor_00239.jpg" width="512" height="512">
  </image>
  <image id="240" name="Tx019D_Ven/Tx019D_Vensoubor_00240.jpg" width="512" height="512">
  </image>
  <image id="241" name="Tx019D_Ven/Tx019D_Vensoubor_00241.jpg" width="512" height="512">
  </image>
  <image id="242" name="Tx019D_Ven/Tx019D_Vensoubor_00242.jpg" width="512" height="512">
  </image>
  <image id="243" name="Tx019D_Ven/Tx019D_Vensoubor_00243.jpg" width="512" height="512">
  </image>
  <image id="244" name="Tx019D_Ven/Tx019D_Vensoubor_00244.jpg" width="512" height="512">
  </image>
  <image id="245" name="Tx019D_Ven/Tx019D_Vensoubor_00245.jpg" width="512" height="512">
  </image>
  <image id="246" name="Tx019D_Ven/Tx019D_Vensoubor_00246.jpg" width="512" height="512">
  </image>
  <image id="247" name="Tx019D_Ven/Tx019D_Vensoubor_00247.jpg" width="512" height="512">
  </image>
  <image id="248" name="Tx019D_Ven/Tx019D_Vensoubor_00248.jpg" width="512" height="512">
  </image>
  <image id="249" name="Tx019D_Ven/Tx019D_Vensoubor_00249.jpg" width="512" height="512">
  </image>
  <image id="250" name="Tx019D_Ven/Tx019D_Vensoubor_00250.jpg" width="512" height="512">
  </image>
  <image id="251" name="Tx019D_Ven/Tx019D_Vensoubor_00251.jpg" width="512" height="512">
  </image>
  <image id="252" name="Tx019D_Ven/Tx019D_Vensoubor_00252.jpg" width="512" height="512">
  </image>
  <image id="253" name="Tx019D_Ven/Tx019D_Vensoubor_00253.jpg" width="512" height="512">
  </image>
  <image id="254" name="Tx019D_Ven/Tx019D_Vensoubor_00254.jpg" width="512" height="512">
  </image>
  <image id="255" name="Tx019D_Ven/Tx019D_Vensoubor_00255.jpg" width="512" height="512">
  </image>
  <image id="256" name="Tx019D_Ven/Tx019D_Vensoubor_00256.jpg" width="512" height="512">
  </image>
  <image id="257" name="Tx019D_Ven/Tx019D_Vensoubor_00257.jpg" width="512" height="512">
  </image>
  <image id="258" name="Tx019D_Ven/Tx019D_Vensoubor_00258.jpg" width="512" height="512">
  </image>
  <image id="259" name="Tx019D_Ven/Tx019D_Vensoubor_00259.jpg" width="512" height="512">
  </image>
  <image id="260" name="Tx019D_Ven/Tx019D_Vensoubor_00260.jpg" width="512" height="512">
  </image>
  <image id="261" name="Tx019D_Ven/Tx019D_Vensoubor_00261.jpg" width="512" height="512">
  </image>
  <image id="262" name="Tx019D_Ven/Tx019D_Vensoubor_00262.jpg" width="512" height="512">
  </image>
  <image id="263" name="Tx019D_Ven/Tx019D_Vensoubor_00263.jpg" width="512" height="512">
  </image>
  <image id="264" name="Tx019D_Ven/Tx019D_Vensoubor_00264.jpg" width="512" height="512">
  </image>
  <image id="265" name="Tx019D_Ven/Tx019D_Vensoubor_00265.jpg" width="512" height="512">
  </image>
  <image id="266" name="Tx019D_Ven/Tx019D_Vensoubor_00266.jpg" width="512" height="512">
  </image>
  <image id="267" name="Tx019D_Ven/Tx019D_Vensoubor_00267.jpg" width="512" height="512">
  </image>
  <image id="268" name="Tx019D_Ven/Tx019D_Vensoubor_00268.jpg" width="512" height="512">
  </image>
  <image id="269" name="Tx019D_Ven/Tx019D_Vensoubor_00269.jpg" width="512" height="512">
  </image>
  <image id="270" name="Tx019D_Ven/Tx019D_Vensoubor_00270.jpg" width="512" height="512">
  </image>
  <image id="271" name="Tx019D_Ven/Tx019D_Vensoubor_00271.jpg" width="512" height="512">
  </image>
  <image id="272" name="Tx019D_Ven/Tx019D_Vensoubor_00272.jpg" width="512" height="512">
  </image>
  <image id="273" name="Tx019D_Ven/Tx019D_Vensoubor_00273.jpg" width="512" height="512">
  </image>
  <image id="274" name="Tx019D_Ven/Tx019D_Vensoubor_00274.jpg" width="512" height="512">
  </image>
  <image id="275" name="Tx019D_Ven/Tx019D_Vensoubor_00275.jpg" width="512" height="512">
  </image>
  <image id="276" name="Tx019D_Ven/Tx019D_Vensoubor_00276.jpg" width="512" height="512">
  </image>
  <image id="277" name="Tx019D_Ven/Tx019D_Vensoubor_00277.jpg" width="512" height="512">
  </image>
  <image id="278" name="Tx019D_Ven/Tx019D_Vensoubor_00278.jpg" width="512" height="512">
  </image>
  <image id="279" name="Tx019D_Ven/Tx019D_Vensoubor_00279.jpg" width="512" height="512">
  </image>
  <image id="280" name="Tx019D_Ven/Tx019D_Vensoubor_00280.jpg" width="512" height="512">
  </image>
  <image id="281" name="Tx019D_Ven/Tx019D_Vensoubor_00281.jpg" width="512" height="512">
  </image>
  <image id="282" name="Tx019D_Ven/Tx019D_Vensoubor_00282.jpg" width="512" height="512">
  </image>
  <image id="283" name="Tx019D_Ven/Tx019D_Vensoubor_00283.jpg" width="512" height="512">
  </image>
  <image id="284" name="Tx019D_Ven/Tx019D_Vensoubor_00284.jpg" width="512" height="512">
  </image>
  <image id="285" name="Tx019D_Ven/Tx019D_Vensoubor_00285.jpg" width="512" height="512">
  </image>
  <image id="286" name="Tx019D_Ven/Tx019D_Vensoubor_00286.jpg" width="512" height="512">
  </image>
  <image id="287" name="Tx019D_Ven/Tx019D_Vensoubor_00287.jpg" width="512" height="512">
  </image>
  <image id="288" name="Tx019D_Ven/Tx019D_Vensoubor_00288.jpg" width="512" height="512">
  </image>
  <image id="289" name="Tx019D_Ven/Tx019D_Vensoubor_00289.jpg" width="512" height="512">
  </image>
  <image id="290" name="Tx019D_Ven/Tx019D_Vensoubor_00290.jpg" width="512" height="512">
  </image>
  <image id="291" name="Tx019D_Ven/Tx019D_Vensoubor_00291.jpg" width="512" height="512">
  </image>
  <image id="292" name="Tx019D_Ven/Tx019D_Vensoubor_00292.jpg" width="512" height="512">
  </image>
  <image id="293" name="Tx019D_Ven/Tx019D_Vensoubor_00293.jpg" width="512" height="512">
  </image>
  <image id="294" name="Tx019D_Ven/Tx019D_Vensoubor_00294.jpg" width="512" height="512">
  </image>
  <image id="295" name="Tx019D_Ven/Tx019D_Vensoubor_00295.jpg" width="512" height="512">
  </image>
  <image id="296" name="Tx019D_Ven/Tx019D_Vensoubor_00296.jpg" width="512" height="512">
  </image>
  <image id="297" name="Tx019D_Ven/Tx019D_Vensoubor_00297.jpg" width="512" height="512">
  </image>
  <image id="298" name="Tx019D_Ven/Tx019D_Vensoubor_00298.jpg" width="512" height="512">
  </image>
  <image id="299" name="Tx019D_Ven/Tx019D_Vensoubor_00299.jpg" width="512" height="512">
  </image>
  <image id="300" name="Tx019D_Ven/Tx019D_Vensoubor_00300.jpg" width="512" height="512">
  </image>
  <image id="301" name="Tx019D_Ven/Tx019D_Vensoubor_00301.jpg" width="512" height="512">
  </image>
  <image id="302" name="Tx019D_Ven/Tx019D_Vensoubor_00302.jpg" width="512" height="512">
  </image>
  <image id="303" name="Tx019D_Ven/Tx019D_Vensoubor_00303.jpg" width="512" height="512">
  </image>
  <image id="304" name="Tx019D_Ven/Tx019D_Vensoubor_00304.jpg" width="512" height="512">
  </image>
  <image id="305" name="Tx019D_Ven/Tx019D_Vensoubor_00305.jpg" width="512" height="512">
  </image>
  <image id="306" name="Tx019D_Ven/Tx019D_Vensoubor_00306.jpg" width="512" height="512">
  </image>
  <image id="307" name="Tx019D_Ven/Tx019D_Vensoubor_00307.jpg" width="512" height="512">
  </image>
  <image id="308" name="Tx019D_Ven/Tx019D_Vensoubor_00308.jpg" width="512" height="512">
  </image>
  <image id="309" name="Tx019D_Ven/Tx019D_Vensoubor_00309.jpg" width="512" height="512">
  </image>
  <image id="310" name="Tx019D_Ven/Tx019D_Vensoubor_00310.jpg" width="512" height="512">
  </image>
  <image id="311" name="Tx019D_Ven/Tx019D_Vensoubor_00311.jpg" width="512" height="512">
  </image>
  <image id="312" name="Tx019D_Ven/Tx019D_Vensoubor_00312.jpg" width="512" height="512">
  </image>
  <image id="313" name="Tx019D_Ven/Tx019D_Vensoubor_00313.jpg" width="512" height="512">
  </image>
  <image id="314" name="Tx019D_Ven/Tx019D_Vensoubor_00314.jpg" width="512" height="512">
  </image>
  <image id="315" name="Tx019D_Ven/Tx019D_Vensoubor_00315.jpg" width="512" height="512">
  </image>
  <image id="316" name="Tx019D_Ven/Tx019D_Vensoubor_00316.jpg" width="512" height="512">
  </image>
  <image id="317" name="Tx019D_Ven/Tx019D_Vensoubor_00317.jpg" width="512" height="512">
  </image>
  <image id="318" name="Tx019D_Ven/Tx019D_Vensoubor_00318.jpg" width="512" height="512">
  </image>
  <image id="319" name="Tx019D_Ven/Tx019D_Vensoubor_00319.jpg" width="512" height="512">
  </image>
  <image id="320" name="Tx019D_Ven/Tx019D_Vensoubor_00320.jpg" width="512" height="512">
  </image>
  <image id="321" name="Tx019D_Ven/Tx019D_Vensoubor_00321.jpg" width="512" height="512">
  </image>
  <image id="322" name="Tx019D_Ven/Tx019D_Vensoubor_00322.jpg" width="512" height="512">
  </image>
  <image id="323" name="Tx019D_Ven/Tx019D_Vensoubor_00323.jpg" width="512" height="512">
  </image>
  <image id="324" name="Tx019D_Ven/Tx019D_Vensoubor_00324.jpg" width="512" height="512">
  </image>
  <image id="325" name="Tx019D_Ven/Tx019D_Vensoubor_00325.jpg" width="512" height="512">
  </image>
  <image id="326" name="Tx019D_Ven/Tx019D_Vensoubor_00326.jpg" width="512" height="512">
  </image>
  <image id="327" name="Tx019D_Ven/Tx019D_Vensoubor_00327.jpg" width="512" height="512">
  </image>
  <image id="328" name="Tx019D_Ven/Tx019D_Vensoubor_00328.jpg" width="512" height="512">
  </image>
  <image id="329" name="Tx019D_Ven/Tx019D_Vensoubor_00329.jpg" width="512" height="512">
  </image>
  <image id="330" name="Tx019D_Ven/Tx019D_Vensoubor_00330.jpg" width="512" height="512">
  </image>
  <image id="331" name="Tx019D_Ven/Tx019D_Vensoubor_00331.jpg" width="512" height="512">
  </image>
  <image id="332" name="Tx019D_Ven/Tx019D_Vensoubor_00332.jpg" width="512" height="512">
  </image>
  <image id="333" name="Tx019D_Ven/Tx019D_Vensoubor_00333.jpg" width="512" height="512">
  </image>
  <image id="334" name="Tx019D_Ven/Tx019D_Vensoubor_00334.jpg" width="512" height="512">
  </image>
  <image id="335" name="Tx019D_Ven/Tx019D_Vensoubor_00335.jpg" width="512" height="512">
  </image>
  <image id="336" name="Tx019D_Ven/Tx019D_Vensoubor_00336.jpg" width="512" height="512">
  </image>
  <image id="337" name="Tx019D_Ven/Tx019D_Vensoubor_00337.jpg" width="512" height="512">
  </image>
  <image id="338" name="Tx019D_Ven/Tx019D_Vensoubor_00338.jpg" width="512" height="512">
  </image>
  <image id="339" name="Tx019D_Ven/Tx019D_Vensoubor_00339.jpg" width="512" height="512">
  </image>
  <image id="340" name="Tx019D_Ven/Tx019D_Vensoubor_00340.jpg" width="512" height="512">
  </image>
  <image id="341" name="Tx019D_Ven/Tx019D_Vensoubor_00341.jpg" width="512" height="512">
  </image>
  <image id="342" name="Tx019D_Ven/Tx019D_Vensoubor_00342.jpg" width="512" height="512">
  </image>
  <image id="343" name="Tx019D_Ven/Tx019D_Vensoubor_00343.jpg" width="512" height="512">
  </image>
  <image id="344" name="Tx019D_Ven/Tx019D_Vensoubor_00344.jpg" width="512" height="512">
  </image>
  <image id="345" name="Tx019D_Ven/Tx019D_Vensoubor_00345.jpg" width="512" height="512">
  </image>
  <image id="346" name="Tx019D_Ven/Tx019D_Vensoubor_00346.jpg" width="512" height="512">
  </image>
  <image id="347" name="Tx019D_Ven/Tx019D_Vensoubor_00347.jpg" width="512" height="512">
  </image>
  <image id="348" name="Tx019D_Ven/Tx019D_Vensoubor_00348.jpg" width="512" height="512">
  </image>
  <image id="349" name="Tx019D_Ven/Tx019D_Vensoubor_00349.jpg" width="512" height="512">
  </image>
  <image id="350" name="Tx019D_Ven/Tx019D_Vensoubor_00350.jpg" width="512" height="512">
  </image>
  <image id="351" name="Tx019D_Ven/Tx019D_Vensoubor_00351.jpg" width="512" height="512">
  </image>
  <image id="352" name="Tx019D_Ven/Tx019D_Vensoubor_00352.jpg" width="512" height="512">
  </image>
  <image id="353" name="Tx019D_Ven/Tx019D_Vensoubor_00353.jpg" width="512" height="512">
  </image>
  <image id="354" name="Tx019D_Ven/Tx019D_Vensoubor_00354.jpg" width="512" height="512">
  </image>
  <image id="355" name="Tx019D_Ven/Tx019D_Vensoubor_00355.jpg" width="512" height="512">
  </image>
  <image id="356" name="Tx019D_Ven/Tx019D_Vensoubor_00356.jpg" width="512" height="512">
  </image>
  <image id="357" name="Tx019D_Ven/Tx019D_Vensoubor_00357.jpg" width="512" height="512">
  </image>
  <image id="358" name="Tx019D_Ven/Tx019D_Vensoubor_00358.jpg" width="512" height="512">
  </image>
  <image id="359" name="Tx019D_Ven/Tx019D_Vensoubor_00359.jpg" width="512" height="512">
  </image>
  <image id="360" name="Tx019D_Ven/Tx019D_Vensoubor_00360.jpg" width="512" height="512">
  </image>
  <image id="361" name="Tx019D_Ven/Tx019D_Vensoubor_00361.jpg" width="512" height="512">
  </image>
  <image id="362" name="Tx019D_Ven/Tx019D_Vensoubor_00362.jpg" width="512" height="512">
  </image>
  <image id="363" name="Tx019D_Ven/Tx019D_Vensoubor_00363.jpg" width="512" height="512">
  </image>
  <image id="364" name="Tx019D_Ven/Tx019D_Vensoubor_00364.jpg" width="512" height="512">
  </image>
  <image id="365" name="Tx019D_Ven/Tx019D_Vensoubor_00365.jpg" width="512" height="512">
  </image>
  <image id="366" name="Tx019D_Ven/Tx019D_Vensoubor_00366.jpg" width="512" height="512">
  </image>
  <image id="367" name="Tx019D_Ven/Tx019D_Vensoubor_00367.jpg" width="512" height="512">
  </image>
  <image id="368" name="Tx019D_Ven/Tx019D_Vensoubor_00368.jpg" width="512" height="512">
  </image>
  <image id="369" name="Tx019D_Ven/Tx019D_Vensoubor_00369.jpg" width="512" height="512">
  </image>
  <image id="370" name="Tx019D_Ven/Tx019D_Vensoubor_00370.jpg" width="512" height="512">
  </image>
  <image id="371" name="Tx019D_Ven/Tx019D_Vensoubor_00371.jpg" width="512" height="512">
  </image>
  <image id="372" name="Tx019D_Ven/Tx019D_Vensoubor_00372.jpg" width="512" height="512">
  </image>
  <image id="373" name="Tx019D_Ven/Tx019D_Vensoubor_00373.jpg" width="512" height="512">
  </image>
  <image id="374" name="Tx019D_Ven/Tx019D_Vensoubor_00374.jpg" width="512" height="512">
  </image>
  <image id="375" name="Tx019D_Ven/Tx019D_Vensoubor_00375.jpg" width="512" height="512">
  </image>
  <image id="376" name="Tx019D_Ven/Tx019D_Vensoubor_00376.jpg" width="512" height="512">
  </image>
  <image id="377" name="Tx019D_Ven/Tx019D_Vensoubor_00377.jpg" width="512" height="512">
  </image>
  <image id="378" name="Tx019D_Ven/Tx019D_Vensoubor_00378.jpg" width="512" height="512">
  </image>
  <image id="379" name="Tx019D_Ven/Tx019D_Vensoubor_00379.jpg" width="512" height="512">
  </image>
  <image id="380" name="Tx019D_Ven/Tx019D_Vensoubor_00380.jpg" width="512" height="512">
  </image>
  <image id="381" name="Tx019D_Ven/Tx019D_Vensoubor_00381.jpg" width="512" height="512">
  </image>
  <image id="382" name="Tx019D_Ven/Tx019D_Vensoubor_00382.jpg" width="512" height="512">
  </image>
  <image id="383" name="Tx019D_Ven/Tx019D_Vensoubor_00383.jpg" width="512" height="512">
  </image>
  <image id="384" name="Tx019D_Ven/Tx019D_Vensoubor_00384.jpg" width="512" height="512">
  </image>
  <image id="385" name="Tx019D_Ven/Tx019D_Vensoubor_00385.jpg" width="512" height="512">
  </image>
  <image id="386" name="Tx019D_Ven/Tx019D_Vensoubor_00386.jpg" width="512" height="512">
  </image>
  <image id="387" name="Tx019D_Ven/Tx019D_Vensoubor_00387.jpg" width="512" height="512">
  </image>
  <image id="388" name="Tx019D_Ven/Tx019D_Vensoubor_00388.jpg" width="512" height="512">
  </image>
  <image id="389" name="Tx019D_Ven/Tx019D_Vensoubor_00389.jpg" width="512" height="512">
  </image>
  <image id="390" name="Tx019D_Ven/Tx019D_Vensoubor_00390.jpg" width="512" height="512">
  </image>
  <image id="391" name="Tx019D_Ven/Tx019D_Vensoubor_00391.jpg" width="512" height="512">
  </image>
  <image id="392" name="Tx019D_Ven/Tx019D_Vensoubor_00392.jpg" width="512" height="512">
  </image>
  <image id="393" name="Tx019D_Ven/Tx019D_Vensoubor_00393.jpg" width="512" height="512">
  </image>
  <image id="394" name="Tx019D_Ven/Tx019D_Vensoubor_00394.jpg" width="512" height="512">
  </image>
  <image id="395" name="Tx019D_Ven/Tx019D_Vensoubor_00395.jpg" width="512" height="512">
  </image>
  <image id="396" name="Tx019D_Ven/Tx019D_Vensoubor_00396.jpg" width="512" height="512">
  </image>
  <image id="397" name="Tx019D_Ven/Tx019D_Vensoubor_00397.jpg" width="512" height="512">
  </image>
  <image id="398" name="Tx019D_Ven/Tx019D_Vensoubor_00398.jpg" width="512" height="512">
  </image>
  <image id="399" name="Tx019D_Ven/Tx019D_Vensoubor_00399.jpg" width="512" height="512">
  </image>
  <image id="400" name="Tx019D_Ven/Tx019D_Vensoubor_00400.jpg" width="512" height="512">
  </image>
  <image id="401" name="Tx019D_Ven/Tx019D_Vensoubor_00401.jpg" width="512" height="512">
  </image>
  <image id="402" name="Tx019D_Ven/Tx019D_Vensoubor_00402.jpg" width="512" height="512">
  </image>
  <image id="403" name="Tx019D_Ven/Tx019D_Vensoubor_00403.jpg" width="512" height="512">
  </image>
  <image id="404" name="Tx019D_Ven/Tx019D_Vensoubor_00404.jpg" width="512" height="512">
  </image>
  <image id="405" name="Tx019D_Ven/Tx019D_Vensoubor_00405.jpg" width="512" height="512">
  </image>
  <image id="406" name="Tx019D_Ven/Tx019D_Vensoubor_00406.jpg" width="512" height="512">
  </image>
  <image id="407" name="Tx019D_Ven/Tx019D_Vensoubor_00407.jpg" width="512" height="512">
  </image>
  <image id="408" name="Tx019D_Ven/Tx019D_Vensoubor_00408.jpg" width="512" height="512">
  </image>
  <image id="409" name="Tx019D_Ven/Tx019D_Vensoubor_00409.jpg" width="512" height="512">
  </image>
  <image id="410" name="Tx019D_Ven/Tx019D_Vensoubor_00410.jpg" width="512" height="512">
  </image>
  <image id="411" name="Tx019D_Ven/Tx019D_Vensoubor_00411.jpg" width="512" height="512">
  </image>
  <image id="412" name="Tx019D_Ven/Tx019D_Vensoubor_00412.jpg" width="512" height="512">
  </image>
  <image id="413" name="Tx019D_Ven/Tx019D_Vensoubor_00413.jpg" width="512" height="512">
  </image>
  <image id="414" name="Tx019D_Ven/Tx019D_Vensoubor_00414.jpg" width="512" height="512">
  </image>
  <image id="415" name="Tx019D_Ven/Tx019D_Vensoubor_00415.jpg" width="512" height="512">
  </image>
  <image id="416" name="Tx019D_Ven/Tx019D_Vensoubor_00416.jpg" width="512" height="512">
  </image>
  <image id="417" name="Tx019D_Ven/Tx019D_Vensoubor_00417.jpg" width="512" height="512">
  </image>
  <image id="418" name="Tx019D_Ven/Tx019D_Vensoubor_00418.jpg" width="512" height="512">
  </image>
  <image id="419" name="Tx019D_Ven/Tx019D_Vensoubor_00419.jpg" width="512" height="512">
  </image>
  <image id="420" name="Tx019D_Ven/Tx019D_Vensoubor_00420.jpg" width="512" height="512">
  </image>
  <image id="421" name="Tx019D_Ven/Tx019D_Vensoubor_00421.jpg" width="512" height="512">
  </image>
  <image id="422" name="Tx019D_Ven/Tx019D_Vensoubor_00422.jpg" width="512" height="512">
  </image>
  <image id="423" name="Tx019D_Ven/Tx019D_Vensoubor_00423.jpg" width="512" height="512">
  </image>
  <image id="424" name="Tx019D_Ven/Tx019D_Vensoubor_00424.jpg" width="512" height="512">
  </image>
  <image id="425" name="Tx019D_Ven/Tx019D_Vensoubor_00425.jpg" width="512" height="512">
  </image>
  <image id="426" name="Tx019D_Ven/Tx019D_Vensoubor_00426.jpg" width="512" height="512">
  </image>
  <image id="427" name="Tx019D_Ven/Tx019D_Vensoubor_00427.jpg" width="512" height="512">
  </image>
  <image id="428" name="Tx019D_Ven/Tx019D_Vensoubor_00428.jpg" width="512" height="512">
  </image>
  <image id="429" name="Tx019D_Ven/Tx019D_Vensoubor_00429.jpg" width="512" height="512">
  </image>
  <image id="430" name="Tx019D_Ven/Tx019D_Vensoubor_00430.jpg" width="512" height="512">
  </image>
  <image id="431" name="Tx019D_Ven/Tx019D_Vensoubor_00431.jpg" width="512" height="512">
  </image>
  <image id="432" name="Tx019D_Ven/Tx019D_Vensoubor_00432.jpg" width="512" height="512">
  </image>
  <image id="433" name="Tx019D_Ven/Tx019D_Vensoubor_00433.jpg" width="512" height="512">
  </image>
  <image id="434" name="Tx019D_Ven/Tx019D_Vensoubor_00434.jpg" width="512" height="512">
  </image>
  <image id="435" name="Tx019D_Ven/Tx019D_Vensoubor_00435.jpg" width="512" height="512">
  </image>
  <image id="436" name="Tx019D_Ven/Tx019D_Vensoubor_00436.jpg" width="512" height="512">
  </image>
  <image id="437" name="Tx019D_Ven/Tx019D_Vensoubor_00437.jpg" width="512" height="512">
  </image>
  <image id="438" name="Tx019D_Ven/Tx019D_Vensoubor_00438.jpg" width="512" height="512">
  </image>
  <image id="439" name="Tx019D_Ven/Tx019D_Vensoubor_00439.jpg" width="512" height="512">
  </image>
  <image id="440" name="Tx019D_Ven/Tx019D_Vensoubor_00440.jpg" width="512" height="512">
  </image>
  <image id="441" name="Tx019D_Ven/Tx019D_Vensoubor_00441.jpg" width="512" height="512">
  </image>
  <image id="442" name="Tx019D_Ven/Tx019D_Vensoubor_00442.jpg" width="512" height="512">
  </image>
  <image id="443" name="Tx019D_Ven/Tx019D_Vensoubor_00443.jpg" width="512" height="512">
  </image>
  <image id="444" name="Tx019D_Ven/Tx019D_Vensoubor_00444.jpg" width="512" height="512">
  </image>
  <image id="445" name="Tx019D_Ven/Tx019D_Vensoubor_00445.jpg" width="512" height="512">
  </image>
  <image id="446" name="Tx019D_Ven/Tx019D_Vensoubor_00446.jpg" width="512" height="512">
  </image>
  <image id="447" name="Tx019D_Ven/Tx019D_Vensoubor_00447.jpg" width="512" height="512">
  </image>
  <image id="448" name="Tx019D_Ven/Tx019D_Vensoubor_00448.jpg" width="512" height="512">
  </image>
  <image id="449" name="Tx019D_Ven/Tx019D_Vensoubor_00449.jpg" width="512" height="512">
  </image>
  <image id="450" name="Tx019D_Ven/Tx019D_Vensoubor_00450.jpg" width="512" height="512">
  </image>
  <image id="451" name="Tx019D_Ven/Tx019D_Vensoubor_00451.jpg" width="512" height="512">
  </image>
  <image id="452" name="Tx019D_Ven/Tx019D_Vensoubor_00452.jpg" width="512" height="512">
  </image>
  <image id="453" name="Tx019D_Ven/Tx019D_Vensoubor_00453.jpg" width="512" height="512">
  </image>
  <image id="454" name="Tx019D_Ven/Tx019D_Vensoubor_00454.jpg" width="512" height="512">
  </image>
  <image id="455" name="Tx019D_Ven/Tx019D_Vensoubor_00455.jpg" width="512" height="512">
  </image>
  <image id="456" name="Tx019D_Ven/Tx019D_Vensoubor_00456.jpg" width="512" height="512">
  </image>
  <image id="457" name="Tx019D_Ven/Tx019D_Vensoubor_00457.jpg" width="512" height="512">
  </image>
  <image id="458" name="Tx019D_Ven/Tx019D_Vensoubor_00458.jpg" width="512" height="512">
  </image>
  <image id="459" name="Tx019D_Ven/Tx019D_Vensoubor_00459.jpg" width="512" height="512">
  </image>
  <image id="460" name="Tx019D_Ven/Tx019D_Vensoubor_00460.jpg" width="512" height="512">
  </image>
  <image id="461" name="Tx019D_Ven/Tx019D_Vensoubor_00461.jpg" width="512" height="512">
  </image>
  <image id="462" name="Tx019D_Ven/Tx019D_Vensoubor_00462.jpg" width="512" height="512">
  </image>
  <image id="463" name="Tx019D_Ven/Tx019D_Vensoubor_00463.jpg" width="512" height="512">
  </image>
  <image id="464" name="Tx019D_Ven/Tx019D_Vensoubor_00464.jpg" width="512" height="512">
  </image>
  <image id="465" name="Tx019D_Ven/Tx019D_Vensoubor_00465.jpg" width="512" height="512">
  </image>
  <image id="466" name="Tx019D_Ven/Tx019D_Vensoubor_00466.jpg" width="512" height="512">
  </image>
  <image id="467" name="Tx019D_Ven/Tx019D_Vensoubor_00467.jpg" width="512" height="512">
  </image>
  <image id="468" name="Tx019D_Ven/Tx019D_Vensoubor_00468.jpg" width="512" height="512">
  </image>
  <image id="469" name="Tx019D_Ven/Tx019D_Vensoubor_00469.jpg" width="512" height="512">
  </image>
  <image id="470" name="Tx019D_Ven/Tx019D_Vensoubor_00470.jpg" width="512" height="512">
  </image>
  <image id="471" name="Tx019D_Ven/Tx019D_Vensoubor_00471.jpg" width="512" height="512">
  </image>
  <image id="472" name="Tx019D_Ven/Tx019D_Vensoubor_00472.jpg" width="512" height="512">
  </image>
  <image id="473" name="Tx019D_Ven/Tx019D_Vensoubor_00473.jpg" width="512" height="512">
  </image>
  <image id="474" name="Tx019D_Ven/Tx019D_Vensoubor_00474.jpg" width="512" height="512">
  </image>
  <image id="475" name="Tx019D_Ven/Tx019D_Vensoubor_00475.jpg" width="512" height="512">
  </image>
  <image id="476" name="Tx019D_Ven/Tx019D_Vensoubor_00476.jpg" width="512" height="512">
  </image>
  <image id="477" name="Tx019D_Ven/Tx019D_Vensoubor_00477.jpg" width="512" height="512">
  </image>
  <image id="478" name="Tx019D_Ven/Tx019D_Vensoubor_00478.jpg" width="512" height="512">
  </image>
  <image id="479" name="Tx019D_Ven/Tx019D_Vensoubor_00479.jpg" width="512" height="512">
  </image>
  <image id="480" name="Tx019D_Ven/Tx019D_Vensoubor_00480.jpg" width="512" height="512">
  </image>
  <image id="481" name="Tx019D_Ven/Tx019D_Vensoubor_00481.jpg" width="512" height="512">
  </image>
  <image id="482" name="Tx019D_Ven/Tx019D_Vensoubor_00482.jpg" width="512" height="512">
  </image>
  <image id="483" name="Tx019D_Ven/Tx019D_Vensoubor_00483.jpg" width="512" height="512">
  </image>
  <image id="484" name="Tx019D_Ven/Tx019D_Vensoubor_00484.jpg" width="512" height="512">
  </image>
  <image id="485" name="Tx019D_Ven/Tx019D_Vensoubor_00485.jpg" width="512" height="512">
  </image>
  <image id="486" name="Tx019D_Ven/Tx019D_Vensoubor_00486.jpg" width="512" height="512">
  </image>
  <image id="487" name="Tx019D_Ven/Tx019D_Vensoubor_00487.jpg" width="512" height="512">
  </image>
  <image id="488" name="Tx019D_Ven/Tx019D_Vensoubor_00488.jpg" width="512" height="512">
  </image>
  <image id="489" name="Tx019D_Ven/Tx019D_Vensoubor_00489.jpg" width="512" height="512">
  </image>
  <image id="490" name="Tx019D_Ven/Tx019D_Vensoubor_00490.jpg" width="512" height="512">
  </image>
  <image id="491" name="Tx019D_Ven/Tx019D_Vensoubor_00491.jpg" width="512" height="512">
  </image>
  <image id="492" name="Tx019D_Ven/Tx019D_Vensoubor_00492.jpg" width="512" height="512">
  </image>
  <image id="493" name="Tx019D_Ven/Tx019D_Vensoubor_00493.jpg" width="512" height="512">
  </image>
  <image id="494" name="Tx019D_Ven/Tx019D_Vensoubor_00494.jpg" width="512" height="512">
  </image>
  <image id="495" name="Tx019D_Ven/Tx019D_Vensoubor_00495.jpg" width="512" height="512">
  </image>
  <image id="496" name="Tx019D_Ven/Tx019D_Vensoubor_00496.jpg" width="512" height="512">
  </image>
  <image id="497" name="Tx019D_Ven/Tx019D_Vensoubor_00497.jpg" width="512" height="512">
  </image>
  <image id="498" name="Tx019D_Ven/Tx019D_Vensoubor_00498.jpg" width="512" height="512">
  </image>
  <image id="499" name="Tx019D_Ven/Tx019D_Vensoubor_00499.jpg" width="512" height="512">
  </image>
  <image id="500" name="Tx019D_Ven/Tx019D_Vensoubor_00500.jpg" width="512" height="512">
  </image>
  <image id="501" name="Tx019D_Ven/Tx019D_Vensoubor_00501.jpg" width="512" height="512">
  </image>
  <image id="502" name="Tx019D_Ven/Tx019D_Vensoubor_00502.jpg" width="512" height="512">
  </image>
  <image id="503" name="Tx019D_Ven/Tx019D_Vensoubor_00503.jpg" width="512" height="512">
  </image>
  <image id="504" name="Tx019D_Ven/Tx019D_Vensoubor_00504.jpg" width="512" height="512">
  </image>
  <image id="505" name="Tx019D_Ven/Tx019D_Vensoubor_00505.jpg" width="512" height="512">
  </image>
  <image id="506" name="Tx019D_Ven/Tx019D_Vensoubor_00506.jpg" width="512" height="512">
  </image>
  <image id="507" name="Tx019D_Ven/Tx019D_Vensoubor_00507.jpg" width="512" height="512">
  </image>
  <image id="508" name="Tx019D_Ven/Tx019D_Vensoubor_00508.jpg" width="512" height="512">
  </image>
  <image id="509" name="Tx019D_Ven/Tx019D_Vensoubor_00509.jpg" width="512" height="512">
  </image>
  <image id="510" name="Tx019D_Ven/Tx019D_Vensoubor_00510.jpg" width="512" height="512">
  </image>
  <image id="511" name="Tx019D_Ven/Tx019D_Vensoubor_00511.jpg" width="512" height="512">
  </image>
  <image id="512" name="Tx019D_Ven/Tx019D_Vensoubor_00512.jpg" width="512" height="512">
  </image>
  <image id="513" name="Tx019D_Ven/Tx019D_Vensoubor_00513.jpg" width="512" height="512">
  </image>
  <image id="514" name="Tx019D_Ven/Tx019D_Vensoubor_00514.jpg" width="512" height="512">
  </image>
  <image id="515" name="Tx019D_Ven/Tx019D_Vensoubor_00515.jpg" width="512" height="512">
  </image>
  <image id="516" name="Tx019D_Ven/Tx019D_Vensoubor_00516.jpg" width="512" height="512">
  </image>
  <image id="517" name="Tx019D_Ven/Tx019D_Vensoubor_00517.jpg" width="512" height="512">
  </image>
  <image id="518" name="Tx019D_Ven/Tx019D_Vensoubor_00518.jpg" width="512" height="512">
  </image>
  <image id="519" name="Tx019D_Ven/Tx019D_Vensoubor_00519.jpg" width="512" height="512">
  </image>
  <image id="520" name="Tx019D_Ven/Tx019D_Vensoubor_00520.jpg" width="512" height="512">
  </image>
  <image id="521" name="Tx019D_Ven/Tx019D_Vensoubor_00521.jpg" width="512" height="512">
  </image>
  <image id="522" name="Tx019D_Ven/Tx019D_Vensoubor_00522.jpg" width="512" height="512">
  </image>
  <image id="523" name="Tx019D_Ven/Tx019D_Vensoubor_00523.jpg" width="512" height="512">
  </image>
  <image id="524" name="Tx019D_Ven/Tx019D_Vensoubor_00524.jpg" width="512" height="512">
  </image>
  <image id="525" name="Tx019D_Ven/Tx019D_Vensoubor_00525.jpg" width="512" height="512">
  </image>
  <image id="526" name="Tx019D_Ven/Tx019D_Vensoubor_00526.jpg" width="512" height="512">
  </image>
  <image id="527" name="Tx019D_Ven/Tx019D_Vensoubor_00527.jpg" width="512" height="512">
  </image>
  <image id="528" name="Tx019D_Ven/Tx019D_Vensoubor_00528.jpg" width="512" height="512">
  </image>
  <image id="529" name="Tx019D_Ven/Tx019D_Vensoubor_00529.jpg" width="512" height="512">
  </image>
  <image id="530" name="Tx019D_Ven/Tx019D_Vensoubor_00530.jpg" width="512" height="512">
  </image>
  <image id="531" name="Tx019D_Ven/Tx019D_Vensoubor_00531.jpg" width="512" height="512">
  </image>
  <image id="532" name="Tx019D_Ven/Tx019D_Vensoubor_00532.jpg" width="512" height="512">
  </image>
  <image id="533" name="Tx019D_Ven/Tx019D_Vensoubor_00533.jpg" width="512" height="512">
  </image>
  <image id="534" name="Tx019D_Ven/Tx019D_Vensoubor_00534.jpg" width="512" height="512">
  </image>
  <image id="535" name="Tx019D_Ven/Tx019D_Vensoubor_00535.jpg" width="512" height="512">
  </image>
  <image id="536" name="Tx019D_Ven/Tx019D_Vensoubor_00536.jpg" width="512" height="512">
  </image>
  <image id="537" name="Tx019D_Ven/Tx019D_Vensoubor_00537.jpg" width="512" height="512">
  </image>
  <image id="538" name="Tx019D_Ven/Tx019D_Vensoubor_00538.jpg" width="512" height="512">
  </image>
  <image id="539" name="Tx019D_Ven/Tx019D_Vensoubor_00539.jpg" width="512" height="512">
  </image>
  <image id="540" name="Tx019D_Ven/Tx019D_Vensoubor_00540.jpg" width="512" height="512">
  </image>
  <image id="541" name="Tx019D_Ven/Tx019D_Vensoubor_00541.jpg" width="512" height="512">
  </image>
  <image id="542" name="Tx019D_Ven/Tx019D_Vensoubor_00542.jpg" width="512" height="512">
  </image>
  <image id="543" name="Tx019D_Ven/Tx019D_Vensoubor_00543.jpg" width="512" height="512">
  </image>
  <image id="544" name="Tx019D_Ven/Tx019D_Vensoubor_00544.jpg" width="512" height="512">
  </image>
  <image id="545" name="Tx019D_Ven/Tx019D_Vensoubor_00545.jpg" width="512" height="512">
  </image>
  <image id="546" name="Tx019D_Ven/Tx019D_Vensoubor_00546.jpg" width="512" height="512">
  </image>
  <image id="547" name="Tx019D_Ven/Tx019D_Vensoubor_00547.jpg" width="512" height="512">
  </image>
  <image id="548" name="Tx019D_Ven/Tx019D_Vensoubor_00548.jpg" width="512" height="512">
  </image>
  <image id="549" name="Tx019D_Ven/Tx019D_Vensoubor_00549.jpg" width="512" height="512">
  </image>
  <image id="550" name="Tx019D_Ven/Tx019D_Vensoubor_00550.jpg" width="512" height="512">
  </image>
  <image id="551" name="Tx019D_Ven/Tx019D_Vensoubor_00551.jpg" width="512" height="512">
  </image>
  <image id="552" name="Tx019D_Ven/Tx019D_Vensoubor_00552.jpg" width="512" height="512">
  </image>
  <image id="553" name="Tx019D_Ven/Tx019D_Vensoubor_00553.jpg" width="512" height="512">
  </image>
  <image id="554" name="Tx019D_Ven/Tx019D_Vensoubor_00554.jpg" width="512" height="512">
  </image>
  <image id="555" name="Tx019D_Ven/Tx019D_Vensoubor_00555.jpg" width="512" height="512">
  </image>
  <image id="556" name="Tx019D_Ven/Tx019D_Vensoubor_00556.jpg" width="512" height="512">
  </image>
  <image id="557" name="Tx019D_Ven/Tx019D_Vensoubor_00557.jpg" width="512" height="512">
  </image>
  <image id="558" name="Tx019D_Ven/Tx019D_Vensoubor_00558.jpg" width="512" height="512">
  </image>
  <image id="559" name="Tx019D_Ven/Tx019D_Vensoubor_00559.jpg" width="512" height="512">
  </image>
  <image id="560" name="Tx019D_Ven/Tx019D_Vensoubor_00560.jpg" width="512" height="512">
  </image>
  <image id="561" name="Tx019D_Ven/Tx019D_Vensoubor_00561.jpg" width="512" height="512">
  </image>
  <image id="562" name="Tx019D_Ven/Tx019D_Vensoubor_00562.jpg" width="512" height="512">
  </image>
  <image id="563" name="Tx019D_Ven/Tx019D_Vensoubor_00563.jpg" width="512" height="512">
  </image>
  <image id="564" name="Tx019D_Ven/Tx019D_Vensoubor_00564.jpg" width="512" height="512">
  </image>
  <image id="565" name="Tx019D_Ven/Tx019D_Vensoubor_00565.jpg" width="512" height="512">
  </image>
  <image id="566" name="Tx019D_Ven/Tx019D_Vensoubor_00566.jpg" width="512" height="512">
  </image>
  <image id="567" name="Tx019D_Ven/Tx019D_Vensoubor_00567.jpg" width="512" height="512">
  </image>
  <image id="568" name="Tx019D_Ven/Tx019D_Vensoubor_00568.jpg" width="512" height="512">
  </image>
  <image id="569" name="Tx019D_Ven/Tx019D_Vensoubor_00569.jpg" width="512" height="512">
  </image>
  <image id="570" name="Tx019D_Ven/Tx019D_Vensoubor_00570.jpg" width="512" height="512">
  </image>
  <image id="571" name="Tx019D_Ven/Tx019D_Vensoubor_00571.jpg" width="512" height="512">
  </image>
  <image id="572" name="Tx019D_Ven/Tx019D_Vensoubor_00572.jpg" width="512" height="512">
  </image>
  <image id="573" name="Tx019D_Ven/Tx019D_Vensoubor_00573.jpg" width="512" height="512">
  </image>
  <image id="574" name="Tx019D_Ven/Tx019D_Vensoubor_00574.jpg" width="512" height="512">
  </image>
  <image id="575" name="Tx019D_Ven/Tx019D_Vensoubor_00575.jpg" width="512" height="512">
  </image>
  <image id="576" name="Tx019D_Ven/Tx019D_Vensoubor_00576.jpg" width="512" height="512">
  </image>
  <image id="577" name="Tx019D_Ven/Tx019D_Vensoubor_00577.jpg" width="512" height="512">
  </image>
  <image id="578" name="Tx019D_Ven/Tx019D_Vensoubor_00578.jpg" width="512" height="512">
  </image>
  <image id="579" name="Tx019D_Ven/Tx019D_Vensoubor_00579.jpg" width="512" height="512">
  </image>
  <image id="580" name="Tx019D_Ven/Tx019D_Vensoubor_00580.jpg" width="512" height="512">
  </image>
  <image id="581" name="Tx019D_Ven/Tx019D_Vensoubor_00581.jpg" width="512" height="512">
  </image>
  <image id="582" name="Tx019D_Ven/Tx019D_Vensoubor_00582.jpg" width="512" height="512">
  </image>
  <image id="583" name="Tx019D_Ven/Tx019D_Vensoubor_00583.jpg" width="512" height="512">
  </image>
  <image id="584" name="Tx019D_Ven/Tx019D_Vensoubor_00584.jpg" width="512" height="512">
  </image>
  <image id="585" name="Tx019D_Ven/Tx019D_Vensoubor_00585.jpg" width="512" height="512">
  </image>
  <image id="586" name="Tx019D_Ven/Tx019D_Vensoubor_00586.jpg" width="512" height="512">
  </image>
  <image id="587" name="Tx019D_Ven/Tx019D_Vensoubor_00587.jpg" width="512" height="512">
  </image>
  <image id="588" name="Tx019D_Ven/Tx019D_Vensoubor_00588.jpg" width="512" height="512">
  </image>
  <image id="589" name="Tx019D_Ven/Tx019D_Vensoubor_00589.jpg" width="512" height="512">
  </image>
  <image id="590" name="Tx019D_Ven/Tx019D_Vensoubor_00590.jpg" width="512" height="512">
  </image>
  <image id="591" name="Tx019D_Ven/Tx019D_Vensoubor_00591.jpg" width="512" height="512">
  </image>
  <image id="592" name="Tx019D_Ven/Tx019D_Vensoubor_00592.jpg" width="512" height="512">
  </image>
  <image id="593" name="Tx019D_Ven/Tx019D_Vensoubor_00593.jpg" width="512" height="512">
  </image>
  <image id="594" name="Tx019D_Ven/Tx019D_Vensoubor_00594.jpg" width="512" height="512">
  </image>
  <image id="595" name="Tx019D_Ven/Tx019D_Vensoubor_00595.jpg" width="512" height="512">
  </image>
  <image id="596" name="Tx019D_Ven/Tx019D_Vensoubor_00596.jpg" width="512" height="512">
  </image>
  <image id="597" name="Tx019D_Ven/Tx019D_Vensoubor_00597.jpg" width="512" height="512">
  </image>
  <image id="598" name="Tx019D_Ven/Tx019D_Vensoubor_00598.jpg" width="512" height="512">
  </image>
  <image id="599" name="Tx019D_Ven/Tx019D_Vensoubor_00599.jpg" width="512" height="512">
  </image>
  <image id="600" name="Tx019D_Ven/Tx019D_Vensoubor_00600.jpg" width="512" height="512">
  </image>
  <image id="601" name="Tx019D_Ven/Tx019D_Vensoubor_00601.jpg" width="512" height="512">
  </image>
  <image id="602" name="Tx019D_Ven/Tx019D_Vensoubor_00602.jpg" width="512" height="512">
  </image>
  <image id="603" name="Tx019D_Ven/Tx019D_Vensoubor_00603.jpg" width="512" height="512">
  </image>
  <image id="604" name="Tx019D_Ven/Tx019D_Vensoubor_00604.jpg" width="512" height="512">
  </image>
  <image id="605" name="Tx019D_Ven/Tx019D_Vensoubor_00605.jpg" width="512" height="512">
  </image>
  <image id="606" name="Tx019D_Ven/Tx019D_Vensoubor_00606.jpg" width="512" height="512">
  </image>
  <image id="607" name="Tx019D_Ven/Tx019D_Vensoubor_00607.jpg" width="512" height="512">
  </image>
  <image id="608" name="Tx019D_Ven/Tx019D_Vensoubor_00608.jpg" width="512" height="512">
  </image>
  <image id="609" name="Tx019D_Ven/Tx019D_Vensoubor_00609.jpg" width="512" height="512">
  </image>
  <image id="610" name="Tx019D_Ven/Tx019D_Vensoubor_00610.jpg" width="512" height="512">
  </image>
  <image id="611" name="Tx019D_Ven/Tx019D_Vensoubor_00611.jpg" width="512" height="512">
  </image>
  <image id="612" name="Tx019D_Ven/Tx019D_Vensoubor_00612.jpg" width="512" height="512">
  </image>
  <image id="613" name="Tx019D_Ven/Tx019D_Vensoubor_00613.jpg" width="512" height="512">
  </image>
  <image id="614" name="Tx019D_Ven/Tx019D_Vensoubor_00614.jpg" width="512" height="512">
  </image>
  <image id="615" name="Tx019D_Ven/Tx019D_Vensoubor_00615.jpg" width="512" height="512">
  </image>
  <image id="616" name="Tx019D_Ven/Tx019D_Vensoubor_00616.jpg" width="512" height="512">
  </image>
  <image id="617" name="Tx019D_Ven/Tx019D_Vensoubor_00617.jpg" width="512" height="512">
  </image>
  <image id="618" name="Tx019D_Ven/Tx019D_Vensoubor_00618.jpg" width="512" height="512">
  </image>
  <image id="619" name="Tx019D_Ven/Tx019D_Vensoubor_00619.jpg" width="512" height="512">
  </image>
  <image id="620" name="Tx019D_Ven/Tx019D_Vensoubor_00620.jpg" width="512" height="512">
  </image>
  <image id="621" name="Tx019D_Ven/Tx019D_Vensoubor_00621.jpg" width="512" height="512">
  </image>
  <image id="622" name="Tx019D_Ven/Tx019D_Vensoubor_00622.jpg" width="512" height="512">
  </image>
  <image id="623" name="Tx019D_Ven/Tx019D_Vensoubor_00623.jpg" width="512" height="512">
  </image>
  <image id="624" name="Tx019D_Ven/Tx019D_Vensoubor_00624.jpg" width="512" height="512">
  </image>
  <image id="625" name="Tx019D_Ven/Tx019D_Vensoubor_00625.jpg" width="512" height="512">
  </image>
  <image id="626" name="Tx019D_Ven/Tx019D_Vensoubor_00626.jpg" width="512" height="512">
  </image>
  <image id="627" name="Tx019D_Ven/Tx019D_Vensoubor_00627.jpg" width="512" height="512">
  </image>
  <image id="628" name="Tx019D_Ven/Tx019D_Vensoubor_00628.jpg" width="512" height="512">
  </image>
  <image id="629" name="Tx019D_Ven/Tx019D_Vensoubor_00629.jpg" width="512" height="512">
  </image>
  <image id="630" name="Tx019D_Ven/Tx019D_Vensoubor_00630.jpg" width="512" height="512">
  </image>
  <image id="631" name="Tx019D_Ven/Tx019D_Vensoubor_00631.jpg" width="512" height="512">
  </image>
  <image id="632" name="Tx019D_Ven/Tx019D_Vensoubor_00632.jpg" width="512" height="512">
  </image>
  <image id="633" name="Tx019D_Ven/Tx019D_Vensoubor_00633.jpg" width="512" height="512">
  </image>
  <image id="634" name="Tx019D_Ven/Tx019D_Vensoubor_00634.jpg" width="512" height="512">
  </image>
  <image id="635" name="Tx019D_Ven/Tx019D_Vensoubor_00635.jpg" width="512" height="512">
  </image>
  <image id="636" name="Tx019D_Ven/Tx019D_Vensoubor_00636.jpg" width="512" height="512">
  </image>
  <image id="637" name="Tx019D_Ven/Tx019D_Vensoubor_00637.jpg" width="512" height="512">
  </image>
  <image id="638" name="Tx019D_Ven/Tx019D_Vensoubor_00638.jpg" width="512" height="512">
  </image>
  <image id="639" name="Tx019D_Ven/Tx019D_Vensoubor_00639.jpg" width="512" height="512">
  </image>
  <image id="640" name="Tx019D_Ven/Tx019D_Vensoubor_00640.jpg" width="512" height="512">
  </image>
  <image id="641" name="Tx019D_Ven/Tx019D_Vensoubor_00641.jpg" width="512" height="512">
  </image>
  <image id="642" name="Tx019D_Ven/Tx019D_Vensoubor_00642.jpg" width="512" height="512">
  </image>
  <image id="643" name="Tx019D_Ven/Tx019D_Vensoubor_00643.jpg" width="512" height="512">
  </image>
  <image id="644" name="Tx019D_Ven/Tx019D_Vensoubor_00644.jpg" width="512" height="512">
  </image>
  <image id="645" name="Tx019D_Ven/Tx019D_Vensoubor_00645.jpg" width="512" height="512">
  </image>
  <image id="646" name="Tx019D_Ven/Tx019D_Vensoubor_00646.jpg" width="512" height="512">
  </image>
  <image id="647" name="Tx019D_Ven/Tx019D_Vensoubor_00647.jpg" width="512" height="512">
  </image>
  <image id="648" name="Tx019D_Ven/Tx019D_Vensoubor_00648.jpg" width="512" height="512">
  </image>
  <image id="649" name="Tx019D_Ven/Tx019D_Vensoubor_00649.jpg" width="512" height="512">
  </image>
  <image id="650" name="Tx019D_Ven/Tx019D_Vensoubor_00650.jpg" width="512" height="512">
  </image>
  <image id="651" name="Tx019D_Ven/Tx019D_Vensoubor_00651.jpg" width="512" height="512">
  </image>
  <image id="652" name="Tx019D_Ven/Tx019D_Vensoubor_00652.jpg" width="512" height="512">
  </image>
  <image id="653" name="Tx019D_Ven/Tx019D_Vensoubor_00653.jpg" width="512" height="512">
  </image>
  <image id="654" name="Tx019D_Ven/Tx019D_Vensoubor_00654.jpg" width="512" height="512">
  </image>
  <image id="655" name="Tx019D_Ven/Tx019D_Vensoubor_00655.jpg" width="512" height="512">
  </image>
  <image id="656" name="Tx019D_Ven/Tx019D_Vensoubor_00656.jpg" width="512" height="512">
  </image>
  <image id="657" name="Tx019D_Ven/Tx019D_Vensoubor_00657.jpg" width="512" height="512">
  </image>
  <image id="658" name="Tx019D_Ven/Tx019D_Vensoubor_00658.jpg" width="512" height="512">
  </image>
  <image id="659" name="Tx019D_Ven/Tx019D_Vensoubor_00659.jpg" width="512" height="512">
  </image>
  <image id="660" name="Tx019D_Ven/Tx019D_Vensoubor_00660.jpg" width="512" height="512">
  </image>
  <image id="661" name="Tx019D_Ven/Tx019D_Vensoubor_00661.jpg" width="512" height="512">
  </image>
  <image id="662" name="Tx019D_Ven/Tx019D_Vensoubor_00662.jpg" width="512" height="512">
  </image>
  <image id="663" name="Tx019D_Ven/Tx019D_Vensoubor_00663.jpg" width="512" height="512">
  </image>
  <image id="664" name="Tx019D_Ven/Tx019D_Vensoubor_00664.jpg" width="512" height="512">
  </image>
  <image id="665" name="Tx019D_Ven/Tx019D_Vensoubor_00665.jpg" width="512" height="512">
  </image>
  <image id="666" name="Tx019D_Ven/Tx019D_Vensoubor_00666.jpg" width="512" height="512">
  </image>
  <image id="667" name="Tx019D_Ven/Tx019D_Vensoubor_00667.jpg" width="512" height="512">
  </image>
  <image id="668" name="Tx019D_Ven/Tx019D_Vensoubor_00668.jpg" width="512" height="512">
  </image>
  <image id="669" name="Tx019D_Ven/Tx019D_Vensoubor_00669.jpg" width="512" height="512">
  </image>
  <image id="670" name="Tx019D_Ven/Tx019D_Vensoubor_00670.jpg" width="512" height="512">
  </image>
  <image id="671" name="Tx019D_Ven/Tx019D_Vensoubor_00671.jpg" width="512" height="512">
  </image>
  <image id="672" name="Tx019D_Ven/Tx019D_Vensoubor_00672.jpg" width="512" height="512">
  </image>
  <image id="673" name="Tx019D_Ven/Tx019D_Vensoubor_00673.jpg" width="512" height="512">
  </image>
  <image id="674" name="Tx019D_Ven/Tx019D_Vensoubor_00674.jpg" width="512" height="512">
  </image>
  <image id="675" name="Tx019D_Ven/Tx019D_Vensoubor_00675.jpg" width="512" height="512">
  </image>
  <image id="676" name="Tx019D_Ven/Tx019D_Vensoubor_00676.jpg" width="512" height="512">
  </image>
  <image id="677" name="Tx019D_Ven/Tx019D_Vensoubor_00677.jpg" width="512" height="512">
  </image>
  <image id="678" name="Tx019D_Ven/Tx019D_Vensoubor_00678.jpg" width="512" height="512">
  </image>
  <image id="679" name="Tx019D_Ven/Tx019D_Vensoubor_00679.jpg" width="512" height="512">
  </image>
  <image id="680" name="Tx019D_Ven/Tx019D_Vensoubor_00680.jpg" width="512" height="512">
  </image>
  <image id="681" name="Tx019D_Ven/Tx019D_Vensoubor_00681.jpg" width="512" height="512">
  </image>
  <image id="682" name="Tx019D_Ven/Tx019D_Vensoubor_00682.jpg" width="512" height="512">
  </image>
  <image id="683" name="Tx019D_Ven/Tx019D_Vensoubor_00683.jpg" width="512" height="512">
  </image>
  <image id="684" name="Tx019D_Ven/Tx019D_Vensoubor_00684.jpg" width="512" height="512">
  </image>
  <image id="685" name="Tx019D_Ven/Tx019D_Vensoubor_00685.jpg" width="512" height="512">
  </image>
  <image id="686" name="Tx019D_Ven/Tx019D_Vensoubor_00686.jpg" width="512" height="512">
  </image>
  <image id="687" name="Tx019D_Ven/Tx019D_Vensoubor_00687.jpg" width="512" height="512">
  </image>
  <image id="688" name="Tx019D_Ven/Tx019D_Vensoubor_00688.jpg" width="512" height="512">
  </image>
  <image id="689" name="Tx019D_Ven/Tx019D_Vensoubor_00689.jpg" width="512" height="512">
  </image>
  <image id="690" name="Tx019D_Ven/Tx019D_Vensoubor_00690.jpg" width="512" height="512">
  </image>
  <image id="691" name="Tx019D_Ven/Tx019D_Vensoubor_00691.jpg" width="512" height="512">
  </image>
  <image id="692" name="Tx019D_Ven/Tx019D_Vensoubor_00692.jpg" width="512" height="512">
  </image>
  <image id="693" name="Tx019D_Ven/Tx019D_Vensoubor_00693.jpg" width="512" height="512">
  </image>
  <image id="694" name="Tx019D_Ven/Tx019D_Vensoubor_00694.jpg" width="512" height="512">
  </image>
  <image id="695" name="Tx019D_Ven/Tx019D_Vensoubor_00695.jpg" width="512" height="512">
  </image>
  <image id="696" name="Tx019D_Ven/Tx019D_Vensoubor_00696.jpg" width="512" height="512">
  </image>
  <image id="697" name="Tx019D_Ven/Tx019D_Vensoubor_00697.jpg" width="512" height="512">
  </image>
  <image id="698" name="Tx019D_Ven/Tx019D_Vensoubor_00698.jpg" width="512" height="512">
  </image>
  <image id="699" name="Tx019D_Ven/Tx019D_Vensoubor_00699.jpg" width="512" height="512">
  </image>
  <image id="700" name="Tx019D_Ven/Tx019D_Vensoubor_00700.jpg" width="512" height="512">
  </image>
  <image id="701" name="Tx019D_Ven/Tx019D_Vensoubor_00701.jpg" width="512" height="512">
  </image>
  <image id="702" name="Tx019D_Ven/Tx019D_Vensoubor_00702.jpg" width="512" height="512">
  </image>
  <image id="703" name="Tx019D_Ven/Tx019D_Vensoubor_00703.jpg" width="512" height="512">
  </image>
  <image id="704" name="Tx019D_Ven/Tx019D_Vensoubor_00704.jpg" width="512" height="512">
  </image>
  <image id="705" name="Tx019D_Ven/Tx019D_Vensoubor_00705.jpg" width="512" height="512">
  </image>
  <image id="706" name="Tx019D_Ven/Tx019D_Vensoubor_00706.jpg" width="512" height="512">
  </image>
  <image id="707" name="Tx019D_Ven/Tx019D_Vensoubor_00707.jpg" width="512" height="512">
  </image>
  <image id="708" name="Tx019D_Ven/Tx019D_Vensoubor_00708.jpg" width="512" height="512">
  </image>
  <image id="709" name="Tx019D_Ven/Tx019D_Vensoubor_00709.jpg" width="512" height="512">
  </image>
  <image id="710" name="Tx019D_Ven/Tx019D_Vensoubor_00710.jpg" width="512" height="512">
  </image>
  <image id="711" name="Tx019D_Ven/Tx019D_Vensoubor_00711.jpg" width="512" height="512">
  </image>
  <image id="712" name="Tx019D_Ven/Tx019D_Vensoubor_00712.jpg" width="512" height="512">
  </image>
  <image id="713" name="Tx019D_Ven/Tx019D_Vensoubor_00713.jpg" width="512" height="512">
  </image>
  <image id="714" name="Tx019D_Ven/Tx019D_Vensoubor_00714.jpg" width="512" height="512">
  </image>
  <image id="715" name="Tx019D_Ven/Tx019D_Vensoubor_00715.jpg" width="512" height="512">
  </image>
  <image id="716" name="Tx019D_Ven/Tx019D_Vensoubor_00716.jpg" width="512" height="512">
  </image>
  <image id="717" name="Tx019D_Ven/Tx019D_Vensoubor_00717.jpg" width="512" height="512">
  </image>
  <image id="718" name="Tx019D_Ven/Tx019D_Vensoubor_00718.jpg" width="512" height="512">
  </image>
  <image id="719" name="Tx019D_Ven/Tx019D_Vensoubor_00719.jpg" width="512" height="512">
  </image>
  <image id="720" name="Tx019D_Ven/Tx019D_Vensoubor_00720.jpg" width="512" height="512">
  </image>
  <image id="721" name="Tx019D_Ven/Tx019D_Vensoubor_00721.jpg" width="512" height="512">
  </image>
  <image id="722" name="Tx019D_Ven/Tx019D_Vensoubor_00722.jpg" width="512" height="512">
  </image>
  <image id="723" name="Tx019D_Ven/Tx019D_Vensoubor_00723.jpg" width="512" height="512">
  </image>
  <image id="724" name="Tx019D_Ven/Tx019D_Vensoubor_00724.jpg" width="512" height="512">
  </image>
  <image id="725" name="Tx019D_Ven/Tx019D_Vensoubor_00725.jpg" width="512" height="512">
  </image>
  <image id="726" name="Tx019D_Ven/Tx019D_Vensoubor_00726.jpg" width="512" height="512">
  </image>
  <image id="727" name="Tx019D_Ven/Tx019D_Vensoubor_00727.jpg" width="512" height="512">
  </image>
  <image id="728" name="Tx019D_Ven/Tx019D_Vensoubor_00728.jpg" width="512" height="512">
  </image>
  <image id="729" name="Tx019D_Ven/Tx019D_Vensoubor_00729.jpg" width="512" height="512">
  </image>
  <image id="730" name="Tx019D_Ven/Tx019D_Vensoubor_00730.jpg" width="512" height="512">
  </image>
  <image id="731" name="Tx019D_Ven/Tx019D_Vensoubor_00731.jpg" width="512" height="512">
  </image>
  <image id="732" name="Tx019D_Ven/Tx019D_Vensoubor_00732.jpg" width="512" height="512">
  </image>
  <image id="733" name="Tx019D_Ven/Tx019D_Vensoubor_00733.jpg" width="512" height="512">
  </image>
  <image id="734" name="Tx019D_Ven/Tx019D_Vensoubor_00734.jpg" width="512" height="512">
  </image>
  <image id="735" name="Tx019D_Ven/Tx019D_Vensoubor_00735.jpg" width="512" height="512">
  </image>
  <image id="736" name="Tx019D_Ven/Tx019D_Vensoubor_00736.jpg" width="512" height="512">
  </image>
  <image id="737" name="Tx019D_Ven/Tx019D_Vensoubor_00737.jpg" width="512" height="512">
  </image>
  <image id="738" name="Tx019D_Ven/Tx019D_Vensoubor_00738.jpg" width="512" height="512">
  </image>
  <image id="739" name="Tx019D_Ven/Tx019D_Vensoubor_00739.jpg" width="512" height="512">
  </image>
  <image id="740" name="Tx019D_Ven/Tx019D_Vensoubor_00740.jpg" width="512" height="512">
  </image>
  <image id="741" name="Tx019D_Ven/Tx019D_Vensoubor_00741.jpg" width="512" height="512">
  </image>
  <image id="742" name="Tx019D_Ven/Tx019D_Vensoubor_00742.jpg" width="512" height="512">
  </image>
  <image id="743" name="Tx019D_Ven/Tx019D_Vensoubor_00743.jpg" width="512" height="512">
  </image>
  <image id="744" name="Tx019D_Ven/Tx019D_Vensoubor_00744.jpg" width="512" height="512">
  </image>
  <image id="745" name="Tx019D_Ven/Tx019D_Vensoubor_00745.jpg" width="512" height="512">
  </image>
  <image id="746" name="Tx019D_Ven/Tx019D_Vensoubor_00746.jpg" width="512" height="512">
  </image>
  <image id="747" name="Tx019D_Ven/Tx019D_Vensoubor_00747.jpg" width="512" height="512">
  </image>
  <image id="748" name="Tx019D_Ven/Tx019D_Vensoubor_00748.jpg" width="512" height="512">
  </image>
  <image id="749" name="Tx019D_Ven/Tx019D_Vensoubor_00749.jpg" width="512" height="512">
  </image>
  <image id="750" name="Tx019D_Ven/Tx019D_Vensoubor_00750.jpg" width="512" height="512">
  </image>
  <image id="751" name="Tx019D_Ven/Tx019D_Vensoubor_00751.jpg" width="512" height="512">
  </image>
  <image id="752" name="Tx019D_Ven/Tx019D_Vensoubor_00752.jpg" width="512" height="512">
  </image>
  <image id="753" name="Tx019D_Ven/Tx019D_Vensoubor_00753.jpg" width="512" height="512">
  </image>
  <image id="754" name="Tx019D_Ven/Tx019D_Vensoubor_00754.jpg" width="512" height="512">
  </image>
  <image id="755" name="Tx019D_Ven/Tx019D_Vensoubor_00755.jpg" width="512" height="512">
  </image>
  <image id="756" name="Tx019D_Ven/Tx019D_Vensoubor_00756.jpg" width="512" height="512">
  </image>
  <image id="757" name="Tx019D_Ven/Tx019D_Vensoubor_00757.jpg" width="512" height="512">
  </image>
  <image id="758" name="Tx019D_Ven/Tx019D_Vensoubor_00758.jpg" width="512" height="512">
  </image>
  <image id="759" name="Tx019D_Ven/Tx019D_Vensoubor_00759.jpg" width="512" height="512">
  </image>
  <image id="760" name="Tx019D_Ven/Tx019D_Vensoubor_00760.jpg" width="512" height="512">
  </image>
  <image id="761" name="Tx019D_Ven/Tx019D_Vensoubor_00761.jpg" width="512" height="512">
  </image>
  <image id="762" name="Tx019D_Ven/Tx019D_Vensoubor_00762.jpg" width="512" height="512">
  </image>
  <image id="763" name="Tx019D_Ven/Tx019D_Vensoubor_00763.jpg" width="512" height="512">
  </image>
  <image id="764" name="Tx019D_Ven/Tx019D_Vensoubor_00764.jpg" width="512" height="512">
  </image>
  <image id="765" name="Tx019D_Ven/Tx019D_Vensoubor_00765.jpg" width="512" height="512">
  </image>
  <image id="766" name="Tx019D_Ven/Tx019D_Vensoubor_00766.jpg" width="512" height="512">
  </image>
  <image id="767" name="Tx019D_Ven/Tx019D_Vensoubor_00767.jpg" width="512" height="512">
  </image>
  <image id="768" name="Tx019D_Ven/Tx019D_Vensoubor_00768.jpg" width="512" height="512">
  </image>
  <image id="769" name="Tx019D_Ven/Tx019D_Vensoubor_00769.jpg" width="512" height="512">
  </image>
  <image id="770" name="Tx019D_Ven/Tx019D_Vensoubor_00770.jpg" width="512" height="512">
  </image>
  <image id="771" name="Tx019D_Ven/Tx019D_Vensoubor_00771.jpg" width="512" height="512">
  </image>
  <image id="772" name="Tx019D_Ven/Tx019D_Vensoubor_00772.jpg" width="512" height="512">
  </image>
  <image id="773" name="Tx019D_Ven/Tx019D_Vensoubor_00773.jpg" width="512" height="512">
  </image>
  <image id="774" name="Tx019D_Ven/Tx019D_Vensoubor_00774.jpg" width="512" height="512">
  </image>
  <image id="775" name="Tx019D_Ven/Tx019D_Vensoubor_00775.jpg" width="512" height="512">
  </image>
  <image id="776" name="Tx019D_Ven/Tx019D_Vensoubor_00776.jpg" width="512" height="512">
  </image>
  <image id="777" name="Tx019D_Ven/Tx019D_Vensoubor_00777.jpg" width="512" height="512">
  </image>
  <image id="778" name="Tx019D_Ven/Tx019D_Vensoubor_00778.jpg" width="512" height="512">
  </image>
  <image id="779" name="Tx019D_Ven/Tx019D_Vensoubor_00779.jpg" width="512" height="512">
  </image>
  <image id="780" name="Tx019D_Ven/Tx019D_Vensoubor_00780.jpg" width="512" height="512">
  </image>
  <image id="781" name="Tx019D_Ven/Tx019D_Vensoubor_00781.jpg" width="512" height="512">
  </image>
  <image id="782" name="Tx019D_Ven/Tx019D_Vensoubor_00782.jpg" width="512" height="512">
  </image>
  <image id="783" name="Tx019D_Ven/Tx019D_Vensoubor_00783.jpg" width="512" height="512">
  </image>
  <image id="784" name="Tx019D_Ven/Tx019D_Vensoubor_00784.jpg" width="512" height="512">
  </image>
  <image id="785" name="Tx019D_Ven/Tx019D_Vensoubor_00785.jpg" width="512" height="512">
  </image>
  <image id="786" name="Tx019D_Ven/Tx019D_Vensoubor_00786.jpg" width="512" height="512">
  </image>
  <image id="787" name="Tx019D_Ven/Tx019D_Vensoubor_00787.jpg" width="512" height="512">
  </image>
  <image id="788" name="Tx019D_Ven/Tx019D_Vensoubor_00788.jpg" width="512" height="512">
  </image>
  <image id="789" name="Tx019D_Ven/Tx019D_Vensoubor_00789.jpg" width="512" height="512">
  </image>
  <image id="790" name="Tx019D_Ven/Tx019D_Vensoubor_00790.jpg" width="512" height="512">
  </image>
  <image id="791" name="Tx019D_Ven/Tx019D_Vensoubor_00791.jpg" width="512" height="512">
  </image>
  <image id="792" name="Tx019D_Ven/Tx019D_Vensoubor_00792.jpg" width="512" height="512">
  </image>
  <image id="793" name="Tx019D_Ven/Tx019D_Vensoubor_00793.jpg" width="512" height="512">
  </image>
  <image id="794" name="Tx019D_Ven/Tx019D_Vensoubor_00794.jpg" width="512" height="512">
  </image>
  <image id="795" name="Tx019D_Ven/Tx019D_Vensoubor_00795.jpg" width="512" height="512">
  </image>
  <image id="796" name="Tx019D_Ven/Tx019D_Vensoubor_00796.jpg" width="512" height="512">
  </image>
  <image id="797" name="Tx019D_Ven/Tx019D_Vensoubor_00797.jpg" width="512" height="512">
  </image>
  <image id="798" name="Tx019D_Ven/Tx019D_Vensoubor_00798.jpg" width="512" height="512">
  </image>
  <image id="799" name="Tx019D_Ven/Tx019D_Vensoubor_00799.jpg" width="512" height="512">
  </image>
  <image id="800" name="Tx019D_Ven/Tx019D_Vensoubor_00800.jpg" width="512" height="512">
  </image>
  <image id="801" name="Tx019D_Ven/Tx019D_Vensoubor_00801.jpg" width="512" height="512">
  </image>
  <image id="802" name="Tx019D_Ven/Tx019D_Vensoubor_00802.jpg" width="512" height="512">
  </image>
  <image id="803" name="Tx019D_Ven/Tx019D_Vensoubor_00803.jpg" width="512" height="512">
  </image>
  <image id="804" name="Tx019D_Ven/Tx019D_Vensoubor_00804.jpg" width="512" height="512">
  </image>
  <image id="805" name="Tx019D_Ven/Tx019D_Vensoubor_00805.jpg" width="512" height="512">
  </image>
  <image id="806" name="Tx019D_Ven/Tx019D_Vensoubor_00806.jpg" width="512" height="512">
  </image>
  <image id="807" name="Tx019D_Ven/Tx019D_Vensoubor_00807.jpg" width="512" height="512">
  </image>
  <image id="808" name="Tx019D_Ven/Tx019D_Vensoubor_00808.jpg" width="512" height="512">
  </image>
  <image id="809" name="Tx019D_Ven/Tx019D_Vensoubor_00809.jpg" width="512" height="512">
  </image>
  <image id="810" name="Tx019D_Ven/Tx019D_Vensoubor_00810.jpg" width="512" height="512">
  </image>
  <image id="811" name="Tx019D_Ven/Tx019D_Vensoubor_00811.jpg" width="512" height="512">
  </image>
  <image id="812" name="Tx019D_Ven/Tx019D_Vensoubor_00812.jpg" width="512" height="512">
  </image>
  <image id="813" name="Tx019D_Ven/Tx019D_Vensoubor_00813.jpg" width="512" height="512">
  </image>
  <image id="814" name="Tx019D_Ven/Tx019D_Vensoubor_00814.jpg" width="512" height="512">
  </image>
  <image id="815" name="Tx019D_Ven/Tx019D_Vensoubor_00815.jpg" width="512" height="512">
  </image>
  <image id="816" name="Tx019D_Ven/Tx019D_Vensoubor_00816.jpg" width="512" height="512">
  </image>
  <image id="817" name="Tx019D_Ven/Tx019D_Vensoubor_00817.jpg" width="512" height="512">
  </image>
  <image id="818" name="Tx019D_Ven/Tx019D_Vensoubor_00818.jpg" width="512" height="512">
  </image>
  <image id="819" name="Tx019D_Ven/Tx019D_Vensoubor_00819.jpg" width="512" height="512">
  </image>
  <image id="820" name="Tx019D_Ven/Tx019D_Vensoubor_00820.jpg" width="512" height="512">
  </image>
  <image id="821" name="Tx019D_Ven/Tx019D_Vensoubor_00821.jpg" width="512" height="512">
  </image>
  <image id="822" name="Tx019D_Ven/Tx019D_Vensoubor_00822.jpg" width="512" height="512">
  </image>
  <image id="823" name="Tx019D_Ven/Tx019D_Vensoubor_00823.jpg" width="512" height="512">
  </image>
  <image id="824" name="Tx019D_Ven/Tx019D_Vensoubor_00824.jpg" width="512" height="512">
  </image>
  <image id="825" name="Tx019D_Ven/Tx019D_Vensoubor_00825.jpg" width="512" height="512">
  </image>
  <image id="826" name="Tx019D_Ven/Tx019D_Vensoubor_00826.jpg" width="512" height="512">
  </image>
  <image id="827" name="Tx019D_Ven/Tx019D_Vensoubor_00827.jpg" width="512" height="512">
  </image>
  <image id="828" name="Tx019D_Ven/Tx019D_Vensoubor_00828.jpg" width="512" height="512">
  </image>
  <image id="829" name="Tx019D_Ven/Tx019D_Vensoubor_00829.jpg" width="512" height="512">
  </image>
  <image id="830" name="Tx019D_Ven/Tx019D_Vensoubor_00830.jpg" width="512" height="512">
  </image>
  <image id="831" name="Tx019D_Ven/Tx019D_Vensoubor_00831.jpg" width="512" height="512">
  </image>
  <image id="832" name="Tx019D_Ven/Tx019D_Vensoubor_00832.jpg" width="512" height="512">
  </image>
  <image id="833" name="Tx019D_Ven/Tx019D_Vensoubor_00833.jpg" width="512" height="512">
  </image>
  <image id="834" name="Tx019D_Ven/Tx019D_Vensoubor_00834.jpg" width="512" height="512">
  </image>
  <image id="835" name="Tx019D_Ven/Tx019D_Vensoubor_00835.jpg" width="512" height="512">
  </image>
  <image id="836" name="Tx019D_Ven/Tx019D_Vensoubor_00836.jpg" width="512" height="512">
  </image>
  <image id="837" name="Tx019D_Ven/Tx019D_Vensoubor_00837.jpg" width="512" height="512">
  </image>
  <image id="838" name="Tx019D_Ven/Tx019D_Vensoubor_00838.jpg" width="512" height="512">
  </image>
  <image id="839" name="Tx019D_Ven/Tx019D_Vensoubor_00839.jpg" width="512" height="512">
  </image>
  <image id="840" name="Tx019D_Ven/Tx019D_Vensoubor_00840.jpg" width="512" height="512">
  </image>
  <image id="841" name="Tx019D_Ven/Tx019D_Vensoubor_00841.jpg" width="512" height="512">
  </image>
  <image id="842" name="Tx019D_Ven/Tx019D_Vensoubor_00842.jpg" width="512" height="512">
  </image>
  <image id="843" name="Tx019D_Ven/Tx019D_Vensoubor_00843.jpg" width="512" height="512">
  </image>
  <image id="844" name="Tx019D_Ven/Tx019D_Vensoubor_00844.jpg" width="512" height="512">
  </image>
  <image id="845" name="Tx019D_Ven/Tx019D_Vensoubor_00845.jpg" width="512" height="512">
  </image>
  <image id="846" name="Tx019D_Ven/Tx019D_Vensoubor_00846.jpg" width="512" height="512">
  </image>
  <image id="847" name="Tx019D_Ven/Tx019D_Vensoubor_00847.jpg" width="512" height="512">
  </image>
  <image id="848" name="Tx019D_Ven/Tx019D_Vensoubor_00848.jpg" width="512" height="512">
  </image>
  <image id="849" name="Tx019D_Ven/Tx019D_Vensoubor_00849.jpg" width="512" height="512">
  </image>
  <image id="850" name="Tx019D_Ven/Tx019D_Vensoubor_00850.jpg" width="512" height="512">
  </image>
  <image id="851" name="Tx019D_Ven/Tx019D_Vensoubor_00851.jpg" width="512" height="512">
  </image>
  <image id="852" name="Tx019D_Ven/Tx019D_Vensoubor_00852.jpg" width="512" height="512">
  </image>
  <image id="853" name="Tx019D_Ven/Tx019D_Vensoubor_00853.jpg" width="512" height="512">
  </image>
  <image id="854" name="Tx019D_Ven/Tx019D_Vensoubor_00854.jpg" width="512" height="512">
  </image>
  <image id="855" name="Tx019D_Ven/Tx019D_Vensoubor_00855.jpg" width="512" height="512">
  </image>
  <image id="856" name="Tx019D_Ven/Tx019D_Vensoubor_00856.jpg" width="512" height="512">
  </image>
  <image id="857" name="Tx019D_Ven/Tx019D_Vensoubor_00857.jpg" width="512" height="512">
  </image>
  <image id="858" name="Tx019D_Ven/Tx019D_Vensoubor_00858.jpg" width="512" height="512">
  </image>
  <image id="859" name="Tx019D_Ven/Tx019D_Vensoubor_00859.jpg" width="512" height="512">
  </image>
  <image id="860" name="Tx019D_Ven/Tx019D_Vensoubor_00860.jpg" width="512" height="512">
  </image>
  <image id="861" name="Tx019D_Ven/Tx019D_Vensoubor_00861.jpg" width="512" height="512">
  </image>
  <image id="862" name="Tx019D_Ven/Tx019D_Vensoubor_00862.jpg" width="512" height="512">
  </image>
  <image id="863" name="Tx019D_Ven/Tx019D_Vensoubor_00863.jpg" width="512" height="512">
  </image>
  <image id="864" name="Tx019D_Ven/Tx019D_Vensoubor_00864.jpg" width="512" height="512">
  </image>
  <image id="865" name="Tx019D_Ven/Tx019D_Vensoubor_00865.jpg" width="512" height="512">
  </image>
  <image id="866" name="Tx019D_Ven/Tx019D_Vensoubor_00866.jpg" width="512" height="512">
  </image>
  <image id="867" name="Tx019D_Ven/Tx019D_Vensoubor_00867.jpg" width="512" height="512">
  </image>
  <image id="868" name="Tx019D_Ven/Tx019D_Vensoubor_00868.jpg" width="512" height="512">
  </image>
  <image id="869" name="Tx019D_Ven/Tx019D_Vensoubor_00869.jpg" width="512" height="512">
  </image>
  <image id="870" name="Tx019D_Ven/Tx019D_Vensoubor_00870.jpg" width="512" height="512">
  </image>
  <image id="871" name="Tx019D_Ven/Tx019D_Vensoubor_00871.jpg" width="512" height="512">
  </image>
</annotations>
